"query","search interest","increase percent"
"concurso do banco do brasil 2026",100,"6%"
"banco do brasil concurso 2026",99,"5%"
"concurso banco do brasil 2026",99,"5%"
"concurso 2026",99,"4%"
"concurso banco do brasil edital",25,"7%"
"banco do brasil concurso edital",24,"2%"
"edital concurso banco do brasil",24,"5%"
"concursos",24,"20%"
"edital banco do brasil",24,"2%"
"concursos banco do brasil",24,"20%"
"inss concurso",18,"9%"
"concurso inss",17,"6%"
"concurso do inss",17,"7%"
"inss",17,"5%"
"concurso para o banco do brasil",16,"20%"
"concursos 2026",15,"10%"
"concurso banco do brasil 2026 edital",13,"-7%"
"edital concurso banco do brasil 2026",13,"-9%"
"edital banco do brasil 2026",13,"-10%"
"prova concurso banco do brasil",11,"20%"
"prova banco do brasil",11,"20%"
"concurso inss 2026",11,"0%"
"inss concurso 2026",11,"1%"
"concurso público",11,"-1%"
"concurso do inss 2026",11,"-2%"
"concurso público banco do brasil",10,"-8%"
"concurso caixa",9,"30%"
"concurso banco do brasil vagas",9,"30%"
"petrobras concurso",7,"30%"
"concurso petrobras",7,"30%"
"concurso bb",7,"10%"
"salario concurso banco do brasil",6,"50%"
"concurso banco do brasil salario",6,"50%"
"ultimo concurso do banco do brasil",6,"40%"
"ultimo concurso banco do brasil",6,"30%"
"curso concurso banco do brasil",6,"10%"
"concurso público banco do brasil 2026",6,"-3%"
"concurso publico",6,"30%"
"salario banco do brasil",6,"40%"
"concurso banco do brasil ti",6,"100%"
"concurso público 2026",6,"-6%"
"prf concurso",5,"20%"
"banco do brasil concurso ti",5,"80%"
"concurso ti banco do brasil",5,"80%"
"concurso publico banco do brasil",5,"10%"
"concurso banco do brasil nível médio",5,"20%"
"concurso prf",5,"10%"
"concurso escriturário banco do brasil",5,"-30%"
"concurso petrobras 2026",5,"10%"
"concurso caixa 2026",5,"10%"