video_id,titulo,status,timestamp
afLU1xIu5D0,Próxima pessoa q eu vou conhecer se chama TERMO DE POSSE #concurso #concursopublico #estudos,DRY_RUN,2026-06-12T16:58:09.865190
afLU1xIu5D0,Próxima pessoa q eu vou conhecer se chama TERMO DE POSSE #concurso #concursopublico #estudos,DRY_RUN,2026-06-12T16:58:46.104108+00:00
7HNt5n8w1cc,Só uma prancha resolve. Essa só vai rir quem estudar treina 😂😂 #estudos #concursos,DRY_RUN,2026-06-12T16:58:46.715705+00:00
0I1QHTcbNfs,Um passo de cada vez 🙏 #concurso #concursopublico #estudos,DRY_RUN,2026-06-12T16:58:47.328624+00:00
i56DUfXpsYs,Só uma geladeira de inox em uma cozinha planejada 😮‍💨😮‍💨,DRY_RUN,2026-06-12T16:58:47.931382+00:00
Wf6cN4B05Xo,Toma distraída #estudos #concursos #concurso,DRY_RUN,2026-06-12T16:58:48.517183+00:00
pZ90jgcDMA8,Aprovado ele vai ser… 😂😂 #estudos #concursos,DRY_RUN,2026-06-12T16:58:49.137402+00:00
a3a4BB6QbYw,Confia 🤝 #estudos #concursos,DRY_RUN,2026-06-12T16:58:49.745659+00:00
3u0Sf7fj0Nk,Ela deve estar sem sinal 😔😔#concurso #estudos #concursopublico,DRY_RUN,2026-06-12T16:58:50.345614+00:00
LEUrsS5NoEo,"Eu estudo pra concurso, meu amigo kkkkkkkk #estudos #concursos",DRY_RUN,2026-06-12T16:58:50.951544+00:00
l3SBf_oI0aM,Seu cargo não vai te mandar msg dizendo que está confuso!! #estudos #concursos,DRY_RUN,2026-06-12T16:58:51.552202+00:00
bL3StbUBpkQ,Agora vai!! #estudos #concursos #concurso #concursospúblicos,DRY_RUN,2026-06-12T16:58:52.160261+00:00
hZDerZr1KP0,Não vamos tocar nesse assunto 🙏🙏#concurso #concursopublico #estudos,DRY_RUN,2026-06-12T16:58:52.780752+00:00
a1a45DmkJvA,Tudo que eu sabia estava na parte “considerando que…” 😔😔#estudos #concurso #concursopublico,DRY_RUN,2026-06-12T16:58:53.381790+00:00
m8IRX4kgFQo,"Vai ter que ser pelos estudos, irmão #estudos #concurso #concursospúblicos",DRY_RUN,2026-06-12T16:58:53.991756+00:00
HO5LqAAqD88,Quando eu chegar lá eu conto pra vocês #concurso #concursopublico #estudos,DRY_RUN,2026-06-12T16:58:54.577462+00:00
XOHHYTv1NEE,Aí é porque o negócio ficou bom mesmo #concurso #concursopublico #estudos,DRY_RUN,2026-06-12T16:58:55.176426+00:00
NUlmuhf-EqY,Tem gente com mais horas de portal de transparência do que de estudos 😂😂😂 #estudos #concurso,DRY_RUN,2026-06-12T16:58:55.778768+00:00
rzJyjuoOc5c,Estava lendo com o olho e não com o cérebro 😔😔#concurso #estudos #concurso,DRY_RUN,2026-06-12T16:58:56.391350+00:00
mTjbIe2JQo0,O chat: vai estudar a para de graça meu filho #estudos #concursos,DRY_RUN,2026-06-12T16:58:57.009831+00:00
VTYARZunj7A,😂😂😂 Provavelmente dará certo!!#concurso #concursopublico #estudos,DRY_RUN,2026-06-12T16:58:57.616333+00:00
2rrmvRcsolA,E vamos de aprendizado 😂😂 #concursos #estudos #concurso,DRY_RUN,2026-06-12T16:58:58.221176+00:00
4EnSolMK4yE,Infelizmente ocorre com todos #concurso #estudos #concursopublico,DRY_RUN,2026-06-12T16:58:58.826411+00:00
m6lx6ptfQRM,Kkkkkk 🥲🥲#concurso #concursopublico #estudos,DRY_RUN,2026-06-12T16:58:59.431201+00:00
vQVfdYJBmUo,"Não traz o amor de volta, mas traz um salário maneiro 😂😂 #concursos #concurso",DRY_RUN,2026-06-12T16:59:00.040434+00:00
Jzw77uDQkT0,#estudos #concursos #concurso,DRY_RUN,2026-06-12T16:59:00.636610+00:00
JhgiMC6ekPI,Viajei até o Japão e voltei pra dizer que funciona mesmo 😂😂 #concursospúblicos #concurso,DRY_RUN,2026-06-12T16:59:01.242106+00:00
S82hR9bAKhg,Não disse qual 😅😅 #concurso #concursopublico #estudos,DRY_RUN,2026-06-12T16:59:01.841072+00:00
cRQEljiR7Z0,Dica do que responder na ceia de natal quando o sem noção falar!!#concurso #concursopublico #estudos,DRY_RUN,2026-06-12T16:59:02.435544+00:00
SGCSYr7JVyU,Chega uma hora que a gente começa a tentar tudo… #concurso #concursopublico #estudos,DRY_RUN,2026-06-12T16:59:03.043686+00:00
ifKR93z16UQ,"O amor pode esperar, seu futuro não!!! 😂😂😂 #concurso #concursopublico #estudos",DRY_RUN,2026-06-12T16:59:03.644542+00:00
JHrz5vtqk20,#estudos #concurso,DRY_RUN,2026-06-12T16:59:04.246601+00:00
HB5AqhdUE6g,Amém 🙏🙏 #concurso #concursopublico #estudos,DRY_RUN,2026-06-12T16:59:04.842713+00:00
yrtPQcTBiyU,Teve algum bloco com aula ao vivo?? ✋😔 #concurso #concursopublico #estudos,DRY_RUN,2026-06-12T16:59:05.432957+00:00
XWIHeQKnzJg,Viciado em focar só na minha vida e nos meus problemas #concurso #concursopublico #estudos,DRY_RUN,2026-06-12T16:59:06.034356+00:00
FR5FgFBh2l8,Bom dia e bora estudar! #concursospúblicos #concursos,DRY_RUN,2026-06-12T16:59:06.637092+00:00
O-NEvp5361g,Evitando o Desespero: A Força da Visualização #shorts,DRY_RUN,2026-06-12T16:59:07.242620+00:00
Y5go2BuqynU,A Técnica de 3 Passadas para Provas Difíceis #shorts,DRY_RUN,2026-06-12T16:59:07.824661+00:00
kqvh42AQoqI,Explicação detalhada no primeiro comentário! 👀,DRY_RUN,2026-06-12T16:59:08.419256+00:00
8MhMCVk48kc,Faculdade ou Concurso? Qual o melhor para você? #shorts,DRY_RUN,2026-06-12T16:59:09.028352+00:00
hXJCZbx0NpE,Como Vencer a Preguiça e Começar Qualquer Atividade #shorts,DRY_RUN,2026-06-12T16:59:09.628536+00:00
yfCJ68kaDQY,Concursos Públicos: Comece do Zero! Guia Completo #shorts,DRY_RUN,2026-06-12T16:59:10.237371+00:00
r8MN63QsYKE,Estude e Cresça no Banco do Brasil #shorts,DRY_RUN,2026-06-12T16:59:10.825742+00:00
2kA2a1HXKow,Estudar TODO DIA: Transforme Seu Ambiente Online e Offline! #shorts,DRY_RUN,2026-06-12T16:59:11.436390+00:00
Ds3TUBQXBwQ,Estude com Exercícios: A Chave do Progresso e Prazer #shorts,DRY_RUN,2026-06-12T16:59:12.022043+00:00
iC9dmWpH2l0,#estudos #concurso #concursos,DRY_RUN,2026-06-12T16:59:12.608434+00:00
UK0RqBPHjs0,Uma meta de cada vez 🙏🙏#concurso #concursopublico #estudos,DRY_RUN,2026-06-12T16:59:13.216934+00:00
9D1Yrlpm3kA,Estude 3 Horas TODO DIA: Elimine Barreiras e Procrastinação Já! #shorts,DRY_RUN,2026-06-12T16:59:13.828821+00:00
v3kUD6HEP7E,Conhece alguém assim? #estudos #concursos,DRY_RUN,2026-06-12T16:59:14.428618+00:00
y0bHlldAeYI,"Só quem vive, sabe 🤡🤡#concurso #concursopublico #estudos",DRY_RUN,2026-06-12T16:59:15.009400+00:00
v-dBuv-KPB4,#monsterenergy #estudos #disciplina,DRY_RUN,2026-06-12T16:59:15.598916+00:00
wi_iKmt2hpU,Banco do Brasil: O que Separou os PRIMEIROS APROVADOS do Resto?,DRY_RUN,2026-06-12T16:59:16.196305+00:00
qpfT6Mfe0Jk,Descobriu!! #concursopublico #estudos #concurso,DRY_RUN,2026-06-12T16:59:16.791171+00:00
yPZGro12Aow,"Ou eu sei tudo, ou eu vou cair em todas as pegadinhas",DRY_RUN,2026-06-12T16:59:17.387263+00:00
HNwP8djOGk8,Cade a tropa do “estudo todo dia?” 👀 #concursos #estudos #concursospúblicos,DRY_RUN,2026-06-12T16:59:17.984734+00:00
4SUWt-fE06Q,#estudos #concurso,DRY_RUN,2026-06-12T16:59:18.572999+00:00
laFrV37_UAc,É raro mas acontece sempre 😂😂 #concurso #estudos #concursopublico,DRY_RUN,2026-06-12T16:59:19.170349+00:00
PtVdnzTGxR4,"Vai la bobo, troca na hora de passar pro gabarito kkkk #concursospúblicos #concurso",DRY_RUN,2026-06-12T16:59:19.760313+00:00
-PspgYLBXwQ,Eu motivando meus amigos: #concurso #concursopublico #estudos,DRY_RUN,2026-06-12T16:59:20.361465+00:00
23rXSgMv_hk,Massa demais #estudos #concurso #concursopublico,DRY_RUN,2026-06-12T16:59:20.956818+00:00
3nHrgfXmF6M,Explicação nos comentários! #concursos #estudos,DRY_RUN,2026-06-12T16:59:21.558810+00:00
0T0vI_OMyOE,Só pode rir quem nunca fez kkkk #concursospúblicos #concurso,DRY_RUN,2026-06-12T16:59:22.157226+00:00
_Kg3zmYk5mk,Como memorizar melhor a matéria? #concursos,DRY_RUN,2026-06-12T16:59:22.759921+00:00
Z57M0yjLkOw,Esperando o dia que vou estudar por amor 😂😂😂 #concursos #estudos,DRY_RUN,2026-06-12T16:59:23.349025+00:00
z7SzoelQ_dE,#concurso #estudos #concursopublico,DRY_RUN,2026-06-12T16:59:23.934671+00:00
1FyR9XNfWOA,Daqui cinco anos vai falar que em 2025 era mais fácil 😅😅 #concursos #concursopublico,DRY_RUN,2026-06-12T16:59:24.528926+00:00
TeQIML3peUQ,Ai fica difícil mesmo 😂😂 #concursos #estudos,DRY_RUN,2026-06-12T16:59:25.128514+00:00
K6WqX3rEhvc,Fica esperando apoio dos outros pra você ver 🫠,DRY_RUN,2026-06-12T16:59:25.732305+00:00
I52e_DkWwE0,😅😅 #concurso #estudos #concursopublico,DRY_RUN,2026-06-12T16:59:26.322492+00:00
dFgd4ZkKN4g,#concurso #estudos #concursopublico,DRY_RUN,2026-06-12T16:59:26.922487+00:00
grMiwvJ1Dkg,Estudar Viciante: Intervalos Inteligentes Para Maximizar Seu Foco #shorts,DRY_RUN,2026-06-12T16:59:27.518822+00:00
4EBW5tU0TBY,#concurso #estudos #concursopublico,DRY_RUN,2026-06-12T16:59:28.132997+00:00
BVmR5oY0gwk,"Revisão Rápida: Estude Menos, Aprenda Mais com Memória Ativa! #shorts",DRY_RUN,2026-06-12T16:59:28.725780+00:00
sM7N28xPNAs,Sem chorar é o mais difícil #concursos #estudos,DRY_RUN,2026-06-12T16:59:29.332408+00:00
PIedeS-4lpw,Transformação Financeira Rápida com Concursos Bancários #shorts,DRY_RUN,2026-06-12T16:59:29.934093+00:00
_x0_0vPRoNM,Ser bom leva tempo. Confia no processo e não se deixe abalar por quem não viveu sua luta. #estudos,DRY_RUN,2026-06-12T16:59:30.523032+00:00
rlqiZESmetA,"A meta começa no sonho, mas só sobrevive no compromisso. Bora estudar!! #concursospúblicos #concurso",DRY_RUN,2026-06-12T16:59:31.120400+00:00
utn8Fd0pdOE,As três ficavam colocadas em posts-its no meu monitor quando eu estudava para concursos #concursos,DRY_RUN,2026-06-12T16:59:31.722502+00:00
-Uw_7MkhbDo,Não dependa de motivação!! #estudos #concurso,DRY_RUN,2026-06-12T16:59:32.310434+00:00
sv1ujJ0n_Cc,Concurso do Banco do Brasil: Vagas e Locais de prova,DRY_RUN,2026-06-12T16:59:32.898877+00:00
tG89fKhFilI,"Não entendi, doutor kkkkk",DRY_RUN,2026-06-12T16:59:33.504920+00:00
H2XXGms-iUY,“E aí já passou” ?? 🫠,DRY_RUN,2026-06-12T16:59:34.090811+00:00
dXcnI62iMFw,Dicas de estudo para o concurso do Banco do Brasil! #concursos #concursospúblicos,DRY_RUN,2026-06-12T16:59:34.682342+00:00
a-oDzY027wg,Como eu abaixei minha ansiedade nos estudos para concursos,DRY_RUN,2026-06-12T16:59:35.286667+00:00
bh1Ww_kADnc,Concurso Banco do Brasil: Quantidade de Vagas e Data do Edital,DRY_RUN,2026-06-12T16:59:35.875120+00:00
YRPQZQNisSY,Vamos cuidar da nossa saúde mental!! #concursos #estudos,DRY_RUN,2026-06-12T16:59:36.478875+00:00
DnRA66YJrms,Revisão Ativa: O Segredo Para Memorização Duradoura #shorts,DRY_RUN,2026-06-12T16:59:37.069713+00:00
4EI640FohBE,O Concurso do Banco do Brasil segue sendo a melhor oportunidade de nível médio para o ano de 2025!,DRY_RUN,2026-06-12T16:59:37.668712+00:00
hNwcHbqw7rU,Como Estudar Sem Perder a Concentração,DRY_RUN,2026-06-12T16:59:38.260836+00:00
-zyvi65JXDA,O próximo concurso do Banco do Brasil promete muitas vagas! #concursos,DRY_RUN,2026-06-12T16:59:38.863667+00:00
1SJpZo5Qkm8,Concurso Banco do Brasil: O EDITAL FOI ADIADO POR CAUSA DA BANCA?,DRY_RUN,2026-06-12T16:59:39.461636+00:00
RbW2OrFb9ec,Concurso Banco do Brasil: Comece AGORA e Garanta sua Aprovação! #shorts,DRY_RUN,2026-06-12T16:59:40.044334+00:00
sKL4HUsNZ08,Dá tempo de começar a estudar agora para o concurso do Banco do Brasil?,DRY_RUN,2026-06-12T16:59:40.648958+00:00
YgxI-R-djvg,Conquiste sua Aprovação Rápida em Concursos Públicos #shorts,DRY_RUN,2026-06-12T16:59:41.236708+00:00
VCAGRE8hXk8,Como NÃO ESQUECER O QUE ESTUDOU!,DRY_RUN,2026-06-12T16:59:41.820589+00:00
sgiveDj2c-s,Alguém tem que falar... #concursos #estudos #concursopublico,DRY_RUN,2026-06-12T16:59:42.406676+00:00
YukYQO6mdSU,Banco do Brasil: Matérias mais cobradas! #concursos,DRY_RUN,2026-06-12T16:59:43.000392+00:00
S_2sQPjl-9o,✨dicas de estudo✨ #concursos #estudos,DRY_RUN,2026-06-12T16:59:43.586895+00:00
sj9CKrQiauk,Concurseiro raiz sabe mto bem!! 😂😂 #concursos #estudos,DRY_RUN,2026-06-12T16:59:44.190925+00:00
5UhqJHRq2Bk,Como Estudar por Questões (PASSO A PASSO PRÁTICO!),DRY_RUN,2026-06-12T16:59:44.773423+00:00
Lrl0IiE-15g,"Link na bio do outro app, busque por Felipe Graton #concursos #concurso #concursopublico",DRY_RUN,2026-06-12T16:59:45.361094+00:00
v4XSBPBNFug,✨motivação para estudar✨ #concursopublico #estudos #concursos,DRY_RUN,2026-06-12T16:59:45.946067+00:00
1WgBc8VgUrY,2 Técnicas Essenciais para Memorizar Conteúdo Profundamente #shorts,DRY_RUN,2026-06-12T16:59:46.531559+00:00
HxLS0zXA16Y,Como PARAR DE BATER NA TRAVE nos CONCURSOS PÚBLICOS,DRY_RUN,2026-06-12T16:59:47.116005+00:00
-24Isadc3wI,Como Estudei Para Passar em 3 Concursos (sem segredo e sem frescura),DRY_RUN,2026-06-12T16:59:47.710027+00:00
ZnQUBXmTvBk,Por Que as Videoaulas estão estragando seu Estudo para Concursos,DRY_RUN,2026-06-12T16:59:48.294134+00:00
MR2emHP2Dw4,Como dominar a técnica de Revisão Ativa (E decorar qualquer matéria),DRY_RUN,2026-06-12T16:59:48.877710+00:00
hErOtJ_ZZg0,COMO REVISAR A MATÉRIA DO TJSP (Para acertar mais de 90%),DRY_RUN,2026-06-12T16:59:49.463482+00:00
MUGLwjMX3mA,7 PASSOS PARA CONSEGUIR ESTUDAR TODOS OS DIAS (Sem surtar),DRY_RUN,2026-06-12T16:59:50.074823+00:00
3Q2Y0yPt6jk,Como filtrar questões para o TJSP (fácil e rápido),DRY_RUN,2026-06-12T16:59:50.683610+00:00
ry4AGI2XHOM,Vale a pena ser CARTEIRO?? (Opinião Sincera) - CORREIOS,DRY_RUN,2026-06-12T16:59:51.275875+00:00
S_2sQPjl-9o,✨dicas de estudo✨ #concursos #estudos,DRY_RUN,2026-06-12T16:59:51.880851+00:00
g9RYLE0nP5E,Faça isso para decidir qual CONCURSO PRESTAR (4 dicas práticas),DRY_RUN,2026-06-12T16:59:52.496402+00:00
92KgcWG5wCI,Por que eu decidi ESTUDAR Para CONCURSOS PÚBLICOS,DRY_RUN,2026-06-12T16:59:53.080954+00:00
hwTgvK7gOY4,PAREI de PROCRASTINAR para ESTUDAR depois de entender isso,DRY_RUN,2026-06-12T16:59:53.675078+00:00
Lrl0IiE-15g,"Link na bio do outro app, busque por Felipe Graton #concursos #concurso #concursopublico",DRY_RUN,2026-06-12T16:59:54.270554+00:00
dN6vt1Y82EY,"Decorar a lei seca não é fácil, mas vai ser mais difícil se você não fizer exercícios #concursos",DRY_RUN,2026-06-12T16:59:54.866855+00:00
U4XG35fFEsI,Como os Concursos Públicos mudaram minha vida em 1 ano (do zero),DRY_RUN,2026-06-12T16:59:55.470320+00:00
5UhqJHRq2Bk,Como Estudar por Questões (PASSO A PASSO PRÁTICO!),DRY_RUN,2026-06-12T16:59:56.063976+00:00
Y8Stgfn7q7s,Banco do Brasil 2026: Salário e Progressão Revelados! #shorts,DRY_RUN,2026-06-12T16:59:56.654124+00:00
OagevxOD0_Y,É melhor fazer FACULDADE ou prestar um Concurso de Nível Médio?,DRY_RUN,2026-06-12T16:59:57.255410+00:00
4dRBUCVWIBw,7 Passos para Estudar SEM TER SONO (Mesmo Morto de Cansaço),DRY_RUN,2026-06-12T16:59:57.846643+00:00
Cj-b-D-cEAU,MEUS MAIORES ERROS ESTUDANDO PARA CONCURSOS,DRY_RUN,2026-06-12T16:59:58.441400+00:00
Cs9P4CDYQCg,Como PARAR de PROCRASTINAR nos ESTUDOS para Concursos,DRY_RUN,2026-06-12T16:59:59.051153+00:00
4UuRHwQZ8pQ,Como Conseguir ESTUDAR POR MAIS TEMPO (Concentrado),DRY_RUN,2026-06-12T16:59:59.671068+00:00
g09hPwIuyGU,Técnicas de Chute para Provas e Concursos - Como chutar em Provas,DRY_RUN,2026-06-12T17:00:00.269561+00:00
t-tYX2RVv0U,Concurso do Banco do Brasil de 2026 #concurso #bancodobrasil,DRY_RUN,2026-06-12T17:00:00.858238+00:00
gi1xpsWCNnA,CONCURSO Do Banco do Brasil Afetado? Fechamento de Agências e Queda nas Ações,DRY_RUN,2026-06-12T17:00:01.448429+00:00
GNMLksflPBU,Como Estudar Menos e Aprender Mais: A Técnica que Me Aprovou 3x em Concursos,DRY_RUN,2026-06-12T17:00:02.031228+00:00
PHe33dkShxg,Concurso Banco do Brasil 2026: Vagas e Cargos Revelados! #shorts,DRY_RUN,2026-06-12T17:00:02.617570+00:00
sKL4HUsNZ08,Dá tempo de começar a estudar agora para o concurso do Banco do Brasil?,DRY_RUN,2026-06-12T17:00:03.214314+00:00
-zyvi65JXDA,O próximo concurso do Banco do Brasil promete muitas vagas! #concursos,DRY_RUN,2026-06-12T17:00:03.806910+00:00
uraOsvZB0ak,Concurso do Banco do Brasil é o melhor de nível médio para 2026 #concurso #bancodobrasil #concursos,DRY_RUN,2026-06-12T17:00:04.407852+00:00
6qx89jttYXI,Elimine Alternativas Erradas para Chutar Melhor #shorts,DRY_RUN,2026-06-12T17:00:05.001783+00:00
Ct6Dw2qVYzU,No concurso do Banco do Brasil é possível escolher a cidade que vai trabalhar? #concursos,DRY_RUN,2026-06-12T17:00:05.613444+00:00
4EI640FohBE,O Concurso do Banco do Brasil segue sendo a melhor oportunidade de nível médio para o ano de 2025!,DRY_RUN,2026-06-12T17:00:06.196327+00:00
bZ8y8rLVSFw,Erro comum em estudantes de concursos #concursos,DRY_RUN,2026-06-12T17:00:06.800673+00:00
O_9HwRG6-sY,🇧🇷Banco do Brasil: Concurso ainda em 2026! #concurso #concursopublico,DRY_RUN,2026-06-12T17:00:07.401450+00:00
bSyfK3vHiwU,Banco do Brasil ou TJSP? Qual dos dois concursos você prefere e por que? #concursos #estudos,DRY_RUN,2026-06-12T17:00:08.002041+00:00
oO5WOVQSrdE,Concurso Banco do Brasil: Dá Tempo de Passar Agora? #shorts,DRY_RUN,2026-06-12T17:00:08.593472+00:00
kgBLIUFSkCM,Aprovado TJSP duas vezes com 90+ usando esse material,DRY_RUN,2026-06-12T17:00:09.189428+00:00
r3ZUNoQv6QI,Concurso do Banco do Brasil #concurso #bancodobrasil,DRY_RUN,2026-06-12T17:00:09.790310+00:00
f26FbNN9rHM,🚨Concurso do Banco do Brasil: Seleção da banca! #concursos,DRY_RUN,2026-06-12T17:00:10.375376+00:00
YgxI-R-djvg,Conquiste sua Aprovação Rápida em Concursos Públicos #shorts,DRY_RUN,2026-06-12T17:00:10.977236+00:00
Lbhm_waWSwY,Minha nota na PROVA DE DIGITAÇÃO do MPSP (Oficial de Promotoria),DRY_RUN,2026-06-12T17:00:11.582479+00:00
1rP0CJt5ZKk,Como Estudei 8 Matérias para o Banco do Brasil #shorts,DRY_RUN,2026-06-12T17:00:12.170886+00:00
eJU4_iqkO-Q,Essa mudança pode te APROVAR no seu PRÓXIMO CONCURSO PÚBLICO!,DRY_RUN,2026-06-12T17:00:12.808089+00:00
PWKWHlmenSc,Sobre a Carreira do Banco do Brasil #concursos,DRY_RUN,2026-06-12T17:00:13.477755+00:00
N6POE0At_c0,Concurso do Banco do Brasil vem esse ano? #concurso,DRY_RUN,2026-06-12T17:00:14.072803+00:00
sj9CKrQiauk,Concurseiro raiz sabe mto bem!! 😂😂 #concursos #estudos,DRY_RUN,2026-06-12T17:00:14.669528+00:00
w4BaYfvBVxE,Estratégia de revisar para não esquecer o que estudou #concursos,DRY_RUN,2026-06-12T17:00:15.281197+00:00
FF6V-aXWTAs,Concurso Banco do Brasil: Faça isso AGORA no seu Cronograma para Conquistar a sua Aprovação,DRY_RUN,2026-06-12T17:00:15.886401+00:00
gi1xpsWCNnA,CONCURSO Do Banco do Brasil Afetado? Fechamento de Agências e Queda nas Ações,DRY_RUN,2026-06-12T17:00:16.471247+00:00
w4BaYfvBVxE,Estratégia de revisar para não esquecer o que estudou #concursos,DRY_RUN,2026-06-12T17:00:17.062112+00:00
eJU4_iqkO-Q,Essa mudança pode te APROVAR no seu PRÓXIMO CONCURSO PÚBLICO!,DRY_RUN,2026-06-12T17:00:17.655261+00:00
O_9HwRG6-sY,🇧🇷Banco do Brasil: Concurso ainda em 2026! #concurso #concursopublico,DRY_RUN,2026-06-12T17:00:18.246004+00:00
8yeAaTjD6Hw,Descubra a Fórmula Secreta de Estudo 70/30 #shorts,DRY_RUN,2026-06-12T17:00:18.827312+00:00
3E4bMsuouGk,Como MAPEAR A Banca do Seu Concurso e ACERTAR MAIS QUESTÕES,DRY_RUN,2026-06-12T17:00:19.421451+00:00
OnuWkLtqWok,Como GABARITAR direito CONSTITUCIONAL no TJSP,DRY_RUN,2026-06-12T17:00:20.019328+00:00
mJkcv_s4ev8,POR QUE O TJSP CHAMA TANTAS PESSOAS? 🤔,DRY_RUN,2026-06-12T17:00:20.618467+00:00
VOhv8xkuGSA,Mudei ISSO e Fui APROVADO DUAS VEZES no TJSP!,DRY_RUN,2026-06-12T17:00:21.219590+00:00
12deDoWwjKw,Edital Saindo Logo: Escolha de Banca em Andamento! #shorts,DRY_RUN,2026-06-12T17:00:21.804647+00:00
q0y8uSX0A-s,Detectando Armadilhas em Questões de Múltipla Escolha #shorts,DRY_RUN,2026-06-12T17:00:22.402398+00:00
9R_uDKSTuUg,Concurso Banco do Brasil: Até Quanto Você Pode Receber? (Salário Escriturário),DRY_RUN,2026-06-12T17:00:22.994269+00:00
ef_gHEe6pXI,COMO ESTUDAR TODOS OS DIAS (SEM DESISTIR NO MEIO),DRY_RUN,2026-06-12T17:00:23.581092+00:00
viUgtlubxyc,Como Estudar TODOS os Dias Sem Falhar (e achar bom),DRY_RUN,2026-06-12T17:00:24.170328+00:00
OagevxOD0_Y,É melhor fazer FACULDADE ou prestar um Concurso de Nível Médio?,DRY_RUN,2026-06-12T17:00:24.772746+00:00
1rP0CJt5ZKk,Como Estudei 8 Matérias para o Banco do Brasil #shorts,DRY_RUN,2026-06-12T17:00:25.370220+00:00
ZA58jjnyi-U,Estude com Dificuldade para Concursos #shorts,DRY_RUN,2026-06-12T17:00:25.967835+00:00
4nt1H_o5uDo,Concursos Públicos: 7 coisas que você precisa saber antes de começar a estudar,DRY_RUN,2026-06-12T17:00:26.557954+00:00
j2n1RbD2afg,Concurso Banco do Brasil: É possível ser aprovado começando agora?,DRY_RUN,2026-06-12T17:00:27.144412+00:00
ejyySMcXePQ,Suas Metas de Estudo para Concursos estão te ATRAPALHANDO!,DRY_RUN,2026-06-12T17:00:27.741471+00:00
gFlIJuiAzOs,Como estudar PORTUGUÊS para CONCURSOS PÚBLICOS [Aprovado em 3 Concursos],DRY_RUN,2026-06-12T17:00:28.332552+00:00
n8ksiPc9jMU,A Técnica FÁCIL de Revisão que me APROVOU em 3 Concursos (com 90% de acerto),DRY_RUN,2026-06-12T17:00:28.923013+00:00
iCiWlgwW7d0,TJSP: Qual Cidade Escolher? (Não escolha antes de ver),DRY_RUN,2026-06-12T17:00:29.506904+00:00
9QKlm7GLYDg,A rotina que induz CONCENTRAÇÃO nos ESTUDOS,DRY_RUN,2026-06-12T17:00:30.118417+00:00
ow3GeBJAEPY,Banco do Brasil: QUANTIDADE DE CARGOS VAGOS SURPREENDE!,DRY_RUN,2026-06-12T17:00:30.705270+00:00
WwJDeGZeN2Q,Previsão do edital do concurso do Banco do Brasil #concursos,DRY_RUN,2026-06-12T17:00:31.318067+00:00
2ahfozQkVEE,O Concurso do Banco do Brasil está vindo aí! #concursos,DRY_RUN,2026-06-12T17:00:31.903448+00:00
rcEpCjC0hpk,Como Ultrapassar 97% dos Concorrentes no seu CONCURSO (mostrei meus resultados),DRY_RUN,2026-06-12T17:00:32.485366+00:00
IyzWGS-ydTw,Você nunca mais vai gastar nenhum centavo com curso para concurso público😱 - Link no 1° comentário,DRY_RUN,2026-06-12T17:00:33.085164+00:00
_jsxwVmAThw,É nessa etapa que você aprende o que estudou,DRY_RUN,2026-06-12T17:00:33.686224+00:00
qKUKiJyzKSg,BANCO DO BRASIL: Raio-X da Banca CESGRANRIO (Com dicas de estudo),DRY_RUN,2026-06-12T17:00:34.292038+00:00
fYWoalgqoMg,Hoje não teremos um milagre 🥀 #diadosnamorados #concursopublico #direito #concurso,DRY_RUN,2026-06-12T17:00:34.884102+00:00
CMgZ-zLiXMM,Esse é o MELHOR CONCURSO ESCADA do Brasil! (Torne-se um Concurseiro Concursado),DRY_RUN,2026-06-12T17:00:35.477332+00:00
TxeI6F1gc4M,Concurso CORREIOS: Passo a Passo pra ser Aprovado do Zero,DRY_RUN,2026-06-12T17:00:36.067304+00:00
eKEXzmvF8sg,Concurso do Banco do Brasil: Como eu Estudaria Para Ser Aprovado em 2026 (Nível Médio),DRY_RUN,2026-06-12T17:00:36.667415+00:00
pzi5NXi4GVE,Pare de Fugir do Desconforto nos Estudos #shorts,DRY_RUN,2026-06-12T17:00:37.255570+00:00
BXXfBtqpUKE,Concurso Banco do Brasil: Mais um andamento na Escolha da Banca! (Novidade),DRY_RUN,2026-06-12T17:00:37.850932+00:00
uz-ksz3oWdg,Acredite no Seu Potencial Para Concursos #shorts,DRY_RUN,2026-06-12T17:00:38.456686+00:00
KZRJbTrXiNo,Concurso Banco do Brasil: QUANTIDADE DE CARGOS VAGOS SURPREENDE!,DRY_RUN,2026-06-12T17:00:39.061994+00:00
wl72tNBNBS8,"Concurso Banco do Brasil: Dúvidas, Atualizações e Resumo Geral",DRY_RUN,2026-06-12T17:00:39.652398+00:00
3D3UlUAIlPg,Comece Com Apenas 2 Minutos Para Vencer A Procrastinação #shorts,DRY_RUN,2026-06-12T17:00:40.278788+00:00
dTIOf3kNORE,O que nunca falam sobre Estudos para Concursos (Efeito Composto),DRY_RUN,2026-06-12T17:00:40.877643+00:00
rOpCwPCXnX0,Você faz Isso? Então Nunca Vai Passar em um Concurso!,DRY_RUN,2026-06-12T17:00:41.467184+00:00
XTTHQFjjt9M,Aí eu arrumei um problemão mesmo! 😂,DRY_RUN,2026-06-12T17:00:42.082400+00:00
ry4AGI2XHOM,Vale a pena ser CARTEIRO?? (Opinião Sincera) - CORREIOS,DRY_RUN,2026-06-12T17:00:42.679764+00:00
NQqlylxMroc,Gerenciando 30% de Dificuldade nos Estudos #shorts,DRY_RUN,2026-06-12T17:00:43.268111+00:00
4dRBUCVWIBw,7 Passos para Estudar SEM TER SONO (Mesmo Morto de Cansaço),DRY_RUN,2026-06-12T17:00:43.853930+00:00
ANVsl_PFdEw,Cálculo do salário nos comentários! Salário atualizado Banco do Brasil #bancodobrasil #concursos,DRY_RUN,2026-06-12T17:00:44.448292+00:00
xWGek_xWo60,"Para participar da Black Vitalícia da Brabo Concursos, clique no 1° comentário fixado 👇👇",DRY_RUN,2026-06-12T17:00:45.074281+00:00
afLU1xIu5D0,Próxima pessoa q eu vou conhecer se chama TERMO DE POSSE #concurso #concursopublico #estudos,OK,2026-06-12T18:03:49.333776+00:00
7HNt5n8w1cc,Só uma prancha resolve. Essa só vai rir quem estudar treina 😂😂 #estudos #concursos,OK,2026-06-12T18:03:50.355758+00:00
0I1QHTcbNfs,Um passo de cada vez 🙏 #concurso #concursopublico #estudos,OK,2026-06-12T18:03:51.248063+00:00
i56DUfXpsYs,Só uma geladeira de inox em uma cozinha planejada 😮‍💨😮‍💨,OK,2026-06-12T18:03:52.172818+00:00
Wf6cN4B05Xo,Toma distraída #estudos #concursos #concurso,OK,2026-06-12T18:03:53.055552+00:00
pZ90jgcDMA8,Aprovado ele vai ser… 😂😂 #estudos #concursos,OK,2026-06-12T18:03:53.944509+00:00
a3a4BB6QbYw,Confia 🤝 #estudos #concursos,OK,2026-06-12T18:03:54.831167+00:00
3u0Sf7fj0Nk,Ela deve estar sem sinal 😔😔#concurso #estudos #concursopublico,OK,2026-06-12T18:03:55.692253+00:00
LEUrsS5NoEo,"Eu estudo pra concurso, meu amigo kkkkkkkk #estudos #concursos",OK,2026-06-12T18:03:56.712118+00:00
l3SBf_oI0aM,Seu cargo não vai te mandar msg dizendo que está confuso!! #estudos #concursos,OK,2026-06-12T18:03:57.565906+00:00
bL3StbUBpkQ,Agora vai!! #estudos #concursos #concurso #concursospúblicos,OK,2026-06-12T18:03:58.437350+00:00
hZDerZr1KP0,Não vamos tocar nesse assunto 🙏🙏#concurso #concursopublico #estudos,OK,2026-06-12T18:03:59.337996+00:00
a1a45DmkJvA,Tudo que eu sabia estava na parte “considerando que…” 😔😔#estudos #concurso #concursopublico,OK,2026-06-12T18:04:00.218860+00:00
m8IRX4kgFQo,"Vai ter que ser pelos estudos, irmão #estudos #concurso #concursospúblicos",OK,2026-06-12T18:04:01.098017+00:00
HO5LqAAqD88,Quando eu chegar lá eu conto pra vocês #concurso #concursopublico #estudos,OK,2026-06-12T18:04:01.973388+00:00
XOHHYTv1NEE,Aí é porque o negócio ficou bom mesmo #concurso #concursopublico #estudos,OK,2026-06-12T18:04:02.869369+00:00
NUlmuhf-EqY,Tem gente com mais horas de portal de transparência do que de estudos 😂😂😂 #estudos #concurso,OK,2026-06-12T18:04:03.872712+00:00
rzJyjuoOc5c,Estava lendo com o olho e não com o cérebro 😔😔#concurso #estudos #concurso,OK,2026-06-12T18:04:04.736226+00:00
mTjbIe2JQo0,O chat: vai estudar a para de graça meu filho #estudos #concursos,OK,2026-06-12T18:04:05.603183+00:00
VTYARZunj7A,😂😂😂 Provavelmente dará certo!!#concurso #concursopublico #estudos,OK,2026-06-12T18:04:06.488316+00:00
2rrmvRcsolA,E vamos de aprendizado 😂😂 #concursos #estudos #concurso,OK,2026-06-12T18:04:07.415625+00:00
4EnSolMK4yE,Infelizmente ocorre com todos #concurso #estudos #concursopublico,OK,2026-06-12T18:04:08.280989+00:00
m6lx6ptfQRM,Kkkkkk 🥲🥲#concurso #concursopublico #estudos,OK,2026-06-12T18:04:09.172823+00:00
vQVfdYJBmUo,"Não traz o amor de volta, mas traz um salário maneiro 😂😂 #concursos #concurso",OK,2026-06-12T18:04:10.185583+00:00
Jzw77uDQkT0,#estudos #concursos #concurso,OK,2026-06-12T18:04:11.074847+00:00
JhgiMC6ekPI,Viajei até o Japão e voltei pra dizer que funciona mesmo 😂😂 #concursospúblicos #concurso,OK,2026-06-12T18:04:11.954352+00:00
S82hR9bAKhg,Não disse qual 😅😅 #concurso #concursopublico #estudos,OK,2026-06-12T18:04:12.828458+00:00
cRQEljiR7Z0,Dica do que responder na ceia de natal quando o sem noção falar!!#concurso #concursopublico #estudos,OK,2026-06-12T18:04:13.691649+00:00
SGCSYr7JVyU,Chega uma hora que a gente começa a tentar tudo… #concurso #concursopublico #estudos,OK,2026-06-12T18:04:14.572672+00:00
ifKR93z16UQ,"O amor pode esperar, seu futuro não!!! 😂😂😂 #concurso #concursopublico #estudos",OK,2026-06-12T18:04:15.646128+00:00
JHrz5vtqk20,#estudos #concurso,OK,2026-06-12T18:04:16.490076+00:00
HB5AqhdUE6g,Amém 🙏🙏 #concurso #concursopublico #estudos,OK,2026-06-12T18:04:17.341380+00:00
yrtPQcTBiyU,Teve algum bloco com aula ao vivo?? ✋😔 #concurso #concursopublico #estudos,OK,2026-06-12T18:04:18.198573+00:00
XWIHeQKnzJg,Viciado em focar só na minha vida e nos meus problemas #concurso #concursopublico #estudos,OK,2026-06-12T18:04:19.085956+00:00
FR5FgFBh2l8,Bom dia e bora estudar! #concursospúblicos #concursos,OK,2026-06-12T18:04:19.959895+00:00
O-NEvp5361g,Evitando o Desespero: A Força da Visualização #shorts,OK,2026-06-12T18:04:20.824358+00:00
Y5go2BuqynU,A Técnica de 3 Passadas para Provas Difíceis #shorts,OK,2026-06-12T18:04:21.695762+00:00
kqvh42AQoqI,Explicação detalhada no primeiro comentário! 👀,OK,2026-06-12T18:04:22.566029+00:00
8MhMCVk48kc,Faculdade ou Concurso? Qual o melhor para você? #shorts,OK,2026-06-12T18:04:23.663270+00:00
hXJCZbx0NpE,Como Vencer a Preguiça e Começar Qualquer Atividade #shorts,OK,2026-06-12T18:04:24.535675+00:00
yfCJ68kaDQY,Concursos Públicos: Comece do Zero! Guia Completo #shorts,OK,2026-06-12T18:04:25.397163+00:00
r8MN63QsYKE,Estude e Cresça no Banco do Brasil #shorts,OK,2026-06-12T18:04:26.251529+00:00
2kA2a1HXKow,Estudar TODO DIA: Transforme Seu Ambiente Online e Offline! #shorts,OK,2026-06-12T18:04:27.113677+00:00
Ds3TUBQXBwQ,Estude com Exercícios: A Chave do Progresso e Prazer #shorts,OK,2026-06-12T18:04:27.978373+00:00
iC9dmWpH2l0,#estudos #concurso #concursos,OK,2026-06-12T18:04:28.856896+00:00
UK0RqBPHjs0,Uma meta de cada vez 🙏🙏#concurso #concursopublico #estudos,OK,2026-06-12T18:04:29.710908+00:00
9D1Yrlpm3kA,Estude 3 Horas TODO DIA: Elimine Barreiras e Procrastinação Já! #shorts,OK,2026-06-12T18:04:30.564891+00:00
v3kUD6HEP7E,Conhece alguém assim? #estudos #concursos,OK,2026-06-12T18:04:31.424916+00:00
y0bHlldAeYI,"Só quem vive, sabe 🤡🤡#concurso #concursopublico #estudos",OK,2026-06-12T18:04:32.310631+00:00
v-dBuv-KPB4,#monsterenergy #estudos #disciplina,OK,2026-06-12T18:04:33.186298+00:00
wi_iKmt2hpU,Banco do Brasil: O que Separou os PRIMEIROS APROVADOS do Resto?,OK,2026-06-12T18:04:34.086029+00:00
qpfT6Mfe0Jk,Descobriu!! #concursopublico #estudos #concurso,OK,2026-06-12T18:04:35.785984+00:00
yPZGro12Aow,"Ou eu sei tudo, ou eu vou cair em todas as pegadinhas",OK,2026-06-12T18:04:36.651817+00:00
HNwP8djOGk8,Cade a tropa do “estudo todo dia?” 👀 #concursos #estudos #concursospúblicos,OK,2026-06-12T18:04:38.140346+00:00
4SUWt-fE06Q,#estudos #concurso,OK,2026-06-12T18:04:39.604143+00:00
R4jWk6HKGl8,O Concurso do Banco do Brasil vale a pena? Analisei TUDO sobre o Cargo,OK,2026-06-12T18:04:40.484813+00:00
laFrV37_UAc,É raro mas acontece sempre 😂😂 #concurso #estudos #concursopublico,OK,2026-06-12T18:04:42.192983+00:00
PtVdnzTGxR4,"Vai la bobo, troca na hora de passar pro gabarito kkkk #concursospúblicos #concurso",OK,2026-06-12T18:04:43.594783+00:00
-PspgYLBXwQ,Eu motivando meus amigos: #concurso #concursopublico #estudos,OK,2026-06-12T18:04:45.073614+00:00
23rXSgMv_hk,Massa demais #estudos #concurso #concursopublico,OK,2026-06-12T18:04:46.798188+00:00
3nHrgfXmF6M,Explicação nos comentários! #concursos #estudos,OK,2026-06-12T18:04:47.795948+00:00
0T0vI_OMyOE,Só pode rir quem nunca fez kkkk #concursospúblicos #concurso,OK,2026-06-12T18:04:49.176838+00:00
_Kg3zmYk5mk,Como memorizar melhor a matéria? #concursos,OK,2026-06-12T18:04:50.104719+00:00
Z57M0yjLkOw,Esperando o dia que vou estudar por amor 😂😂😂 #concursos #estudos,OK,2026-06-12T18:04:51.837143+00:00
z7SzoelQ_dE,#concurso #estudos #concursopublico,OK,2026-06-12T18:04:53.494549+00:00
1FyR9XNfWOA,Daqui cinco anos vai falar que em 2025 era mais fácil 😅😅 #concursos #concursopublico,OK,2026-06-12T18:04:55.102771+00:00
TeQIML3peUQ,Ai fica difícil mesmo 😂😂 #concursos #estudos,OK,2026-06-12T18:04:56.895892+00:00
K6WqX3rEhvc,Fica esperando apoio dos outros pra você ver 🫠,OK,2026-06-12T18:04:57.767688+00:00
I52e_DkWwE0,😅😅 #concurso #estudos #concursopublico,OK,2026-06-12T18:04:58.624807+00:00
dFgd4ZkKN4g,#concurso #estudos #concursopublico,OK,2026-06-12T18:04:59.546578+00:00
MUGLwjMX3mA,7 PASSOS PARA CONSEGUIR ESTUDAR TODOS OS DIAS (Sem surtar),OK,2026-06-12T18:05:00.435860+00:00
grMiwvJ1Dkg,Estudar Viciante: Intervalos Inteligentes Para Maximizar Seu Foco #shorts,OK,2026-06-12T18:05:01.296677+00:00
4EBW5tU0TBY,#concurso #estudos #concursopublico,OK,2026-06-12T18:05:03.024693+00:00
BVmR5oY0gwk,"Revisão Rápida: Estude Menos, Aprenda Mais com Memória Ativa! #shorts",OK,2026-06-12T18:05:05.049073+00:00
sM7N28xPNAs,Sem chorar é o mais difícil #concursos #estudos,OK,2026-06-12T18:05:06.568508+00:00
PIedeS-4lpw,Transformação Financeira Rápida com Concursos Bancários #shorts,OK,2026-06-12T18:05:07.461794+00:00
_x0_0vPRoNM,Ser bom leva tempo. Confia no processo e não se deixe abalar por quem não viveu sua luta. #estudos,OK,2026-06-12T18:05:08.907654+00:00
rlqiZESmetA,"A meta começa no sonho, mas só sobrevive no compromisso. Bora estudar!! #concursospúblicos #concurso",OK,2026-06-12T18:05:09.795176+00:00
utn8Fd0pdOE,As três ficavam colocadas em posts-its no meu monitor quando eu estudava para concursos #concursos,OK,2026-06-12T18:05:10.646458+00:00
-Uw_7MkhbDo,Não dependa de motivação!! #estudos #concurso,OK,2026-06-12T18:05:11.543057+00:00
sv1ujJ0n_Cc,Concurso do Banco do Brasil: Vagas e Locais de prova,OK,2026-06-12T18:05:12.388999+00:00
tG89fKhFilI,"Não entendi, doutor kkkkk",OK,2026-06-12T18:05:13.257792+00:00
H2XXGms-iUY,“E aí já passou” ?? 🫠,OK,2026-06-12T18:05:14.141119+00:00
dXcnI62iMFw,Dicas de estudo para o concurso do Banco do Brasil! #concursos #concursospúblicos,OK,2026-06-12T18:05:15.003143+00:00
a-oDzY027wg,Como eu abaixei minha ansiedade nos estudos para concursos,OK,2026-06-12T18:05:15.908981+00:00
bh1Ww_kADnc,Concurso Banco do Brasil: Quantidade de Vagas e Data do Edital,ERRO_HTTP_403,2026-06-12T18:05:16.498749+00:00
YRPQZQNisSY,Vamos cuidar da nossa saúde mental!! #concursos #estudos,ERRO_HTTP_403,2026-06-12T18:05:17.080723+00:00
ow3GeBJAEPY,Banco do Brasil: QUANTIDADE DE CARGOS VAGOS SURPREENDE!,ERRO_HTTP_403,2026-06-12T18:05:17.658084+00:00
DnRA66YJrms,Revisão Ativa: O Segredo Para Memorização Duradoura #shorts,ERRO_HTTP_403,2026-06-12T18:05:18.231811+00:00
4EI640FohBE,O Concurso do Banco do Brasil segue sendo a melhor oportunidade de nível médio para o ano de 2025!,ERRO_HTTP_403,2026-06-12T18:05:18.811551+00:00
WwJDeGZeN2Q,Previsão do edital do concurso do Banco do Brasil #concursos,ERRO_HTTP_403,2026-06-12T18:05:19.385491+00:00
hNwcHbqw7rU,Como Estudar Sem Perder a Concentração,ERRO_HTTP_403,2026-06-12T18:05:19.962276+00:00
-zyvi65JXDA,O próximo concurso do Banco do Brasil promete muitas vagas! #concursos,ERRO_HTTP_403,2026-06-12T18:05:20.534830+00:00
KZRJbTrXiNo,Concurso Banco do Brasil: QUANTIDADE DE CARGOS VAGOS SURPREENDE!,ERRO_HTTP_403,2026-06-12T18:05:21.177556+00:00
1SJpZo5Qkm8,Concurso Banco do Brasil: O EDITAL FOI ADIADO POR CAUSA DA BANCA?,ERRO_HTTP_403,2026-06-12T18:05:21.753468+00:00
RbW2OrFb9ec,Concurso Banco do Brasil: Comece AGORA e Garanta sua Aprovação! #shorts,ERRO_HTTP_403,2026-06-12T18:05:22.322656+00:00
sKL4HUsNZ08,Dá tempo de começar a estudar agora para o concurso do Banco do Brasil?,ERRO_HTTP_403,2026-06-12T18:05:22.890938+00:00
YgxI-R-djvg,Conquiste sua Aprovação Rápida em Concursos Públicos #shorts,ERRO_HTTP_403,2026-06-12T18:05:23.465258+00:00
VCAGRE8hXk8,Como NÃO ESQUECER O QUE ESTUDOU!,ERRO_HTTP_403,2026-06-12T18:05:24.039616+00:00
sgiveDj2c-s,Alguém tem que falar... #concursos #estudos #concursopublico,ERRO_HTTP_403,2026-06-12T18:05:24.617242+00:00
YukYQO6mdSU,Banco do Brasil: Matérias mais cobradas! #concursos,ERRO_HTTP_403,2026-06-12T18:05:25.190499+00:00
S_2sQPjl-9o,✨dicas de estudo✨ #concursos #estudos,ERRO_HTTP_403,2026-06-12T18:05:25.763453+00:00
33LbUU2JdL0,[ATUALIZADO 2026] NOVO SALÁRIO DO BANCO DO BRASIL NÍVEL MÉDIO - ESCRITURÁRIO,ERRO_HTTP_403,2026-06-12T18:05:26.342535+00:00
sj9CKrQiauk,Concurseiro raiz sabe mto bem!! 😂😂 #concursos #estudos,ERRO_HTTP_403,2026-06-12T18:05:26.916514+00:00
5UhqJHRq2Bk,Como Estudar por Questões (PASSO A PASSO PRÁTICO!),ERRO_HTTP_403,2026-06-12T18:05:27.493760+00:00
Lrl0IiE-15g,"Link na bio do outro app, busque por Felipe Graton #concursos #concurso #concursopublico",ERRO_HTTP_403,2026-06-12T18:05:28.065563+00:00
6qx89jttYXI,Elimine Alternativas Erradas para Chutar Melhor #shorts,ERRO_HTTP_403,2026-06-12T18:05:28.641039+00:00
zQL04ng45Pk,Dicas de estudo para o Concurso do Banco do Brasil. Curso gratuito nos links do canal! #concursos,ERRO_HTTP_403,2026-06-12T18:05:29.213207+00:00
UE3kgaz0NfA,Eu Descobri o SEGREDO para Estudar com Música e Melhorar meu Desempenho,ERRO_HTTP_403,2026-06-12T18:05:29.793194+00:00
IPO4ck4ldsM,🤣🤣 #concursospúblicos #concursos #concurso,ERRO_HTTP_403,2026-06-12T18:05:30.367713+00:00
Ja39s0HyECk,Ai me quebrou #concurso #estudos,ERRO_HTTP_403,2026-06-12T18:05:30.944801+00:00
qFo2fXmGLco,Informações sobre o Concurso do Banco do Brasil! #concursos #concursopublico,ERRO_HTTP_403,2026-06-12T18:05:31.514852+00:00
-3DUx0It5fg,Resolva Questões para Ser Aprovado #shorts,ERRO_HTTP_403,2026-06-12T18:05:32.087669+00:00
oBqjjb-Rzh8,Como Eu Começaria a Estudar para CONCURSO do ZERO em 2025,ERRO_HTTP_403,2026-06-12T18:05:32.662095+00:00
QoALMtGmVEQ,Top 3 Coisas Que Você NÃO PRECISA para PASSAR em Concursos,ERRO_HTTP_403,2026-06-12T18:05:33.238230+00:00
Ir10iyqGLIU,A importância de ter um PROPÓSITO nos ESTUDOS PARA CONCURSOS,ERRO_HTTP_403,2026-06-12T18:05:33.810083+00:00
kWC-EIHzMW8,BANCO DO BRASIL: A BANCA JÁ FOI ESCOLHIDA!,ERRO_HTTP_403,2026-06-12T18:05:34.389599+00:00
ZnQUBXmTvBk,Por Que as Videoaulas estão estragando seu Estudo para Concursos,ERRO_HTTP_403,2026-06-12T18:05:34.962854+00:00
son64KWruM8,A ESTRATÉGIA DE PROVA que me APROVOU em 3 CONCURSOS (2 deles com 90% de acerto),ERRO_HTTP_403,2026-06-12T18:05:35.535431+00:00
bSyfK3vHiwU,Banco do Brasil ou TJSP? Qual dos dois concursos você prefere e por que? #concursos #estudos,ERRO_HTTP_403,2026-06-12T18:05:36.112591+00:00
MR2emHP2Dw4,Como dominar a técnica de Revisão Ativa (E decorar qualquer matéria),ERRO_HTTP_403,2026-06-12T18:05:36.686717+00:00
v4XSBPBNFug,✨motivação para estudar✨ #concursopublico #estudos #concursos,ERRO_HTTP_403,2026-06-12T18:05:37.268762+00:00
t-tYX2RVv0U,Concurso do Banco do Brasil de 2026 #concurso #bancodobrasil,ERRO_HTTP_403,2026-06-12T18:05:37.850522+00:00
Y8Stgfn7q7s,Banco do Brasil 2026: Salário e Progressão Revelados! #shorts,ERRO_HTTP_403,2026-06-12T18:05:38.428073+00:00
Ct6Dw2qVYzU,No concurso do Banco do Brasil é possível escolher a cidade que vai trabalhar? #concursos,ERRO_HTTP_403,2026-06-12T18:05:39.002696+00:00
f26FbNN9rHM,🚨Concurso do Banco do Brasil: Seleção da banca! #concursos,ERRO_HTTP_403,2026-06-12T18:05:39.588577+00:00
3Q2Y0yPt6jk,Como filtrar questões para o TJSP (fácil e rápido),ERRO_HTTP_403,2026-06-12T18:05:40.164147+00:00
92KgcWG5wCI,Por que eu decidi ESTUDAR Para CONCURSOS PÚBLICOS,ERRO_HTTP_403,2026-06-12T18:05:40.765181+00:00
U4XG35fFEsI,Como os Concursos Públicos mudaram minha vida em 1 ano (do zero),ERRO_HTTP_403,2026-06-12T18:05:41.345237+00:00
r3ZUNoQv6QI,Concurso do Banco do Brasil #concurso #bancodobrasil,ERRO_HTTP_403,2026-06-12T18:05:41.935991+00:00
hErOtJ_ZZg0,COMO REVISAR A MATÉRIA DO TJSP (Para acertar mais de 90%),ERRO_HTTP_403,2026-06-12T18:05:42.512193+00:00
1WgBc8VgUrY,2 Técnicas Essenciais para Memorizar Conteúdo Profundamente #shorts,ERRO_HTTP_403,2026-06-12T18:05:43.084614+00:00
N6POE0At_c0,Concurso do Banco do Brasil vem esse ano? #concurso,ERRO_HTTP_403,2026-06-12T18:05:43.656877+00:00
Cs9P4CDYQCg,Como PARAR de PROCRASTINAR nos ESTUDOS para Concursos,ERRO_HTTP_403,2026-06-12T18:05:44.229395+00:00
NO1LIVzhqm4,Esse hábito ira te fazer FRACASSAR NOS ESTUDOS PARA CONCURSOS!,ERRO_HTTP_403,2026-06-12T18:05:44.803252+00:00
PHe33dkShxg,Concurso Banco do Brasil 2026: Vagas e Cargos Revelados! #shorts,ERRO_HTTP_403,2026-06-12T18:05:45.375777+00:00
jL9vxKZGNII,Concurso Banco do Brasil: Edital com 7 Mil Vagas? Previsão! #shorts,ERRO_HTTP_403,2026-06-12T18:05:45.949728+00:00
dN6vt1Y82EY,"Decorar a lei seca não é fácil, mas vai ser mais difícil se você não fizer exercícios #concursos",ERRO_HTTP_403,2026-06-12T18:05:46.526443+00:00
mWBasj33JIw,Revisão Ativa: A Chave para Aprovação Rápida #shorts,ERRO_HTTP_403,2026-06-12T18:05:47.109559+00:00
ONYZGtNUYkw,Veja no meu canal vídeos detalhado sobre como utilizar ciclos de estudos! #concursospúblicos,ERRO_HTTP_403,2026-06-12T18:05:47.682026+00:00
PWKWHlmenSc,Sobre a Carreira do Banco do Brasil #concursos,ERRO_HTTP_403,2026-06-12T18:05:48.257082+00:00
oO5WOVQSrdE,Concurso Banco do Brasil: Dá Tempo de Passar Agora? #shorts,ERRO_HTTP_403,2026-06-12T18:05:48.832680+00:00
uraOsvZB0ak,Concurso do Banco do Brasil é o melhor de nível médio para 2026 #concurso #bancodobrasil #concursos,ERRO_HTTP_403,2026-06-12T18:05:49.401009+00:00
-24Isadc3wI,Como Estudei Para Passar em 3 Concursos (sem segredo e sem frescura),ERRO_HTTP_403,2026-06-12T18:05:49.977217+00:00
GNMLksflPBU,Como Estudar Menos e Aprender Mais: A Técnica que Me Aprovou 3x em Concursos,ERRO_HTTP_403,2026-06-12T18:05:50.547897+00:00
bZ8y8rLVSFw,Erro comum em estudantes de concursos #concursos,ERRO_HTTP_403,2026-06-12T18:05:51.117847+00:00
Cj-b-D-cEAU,MEUS MAIORES ERROS ESTUDANDO PARA CONCURSOS,ERRO_HTTP_403,2026-06-12T18:05:51.690197+00:00
hwTgvK7gOY4,PAREI de PROCRASTINAR para ESTUDAR depois de entender isso,ERRO_HTTP_403,2026-06-12T18:05:52.265785+00:00
kgBLIUFSkCM,Aprovado TJSP duas vezes com 90+ usando esse material,ERRO_HTTP_403,2026-06-12T18:05:52.839588+00:00
RY9VM601dw4,Veja todos os benefícios do cargo de escriturário do Banco do Brasil nos comentários! #concursos,ERRO_HTTP_403,2026-06-12T18:05:53.412446+00:00
iC9dmWpH2l0,#estudos #concurso #concursos,ERRO_HTTP_403,2026-06-12T18:05:53.996154+00:00
eJU4_iqkO-Q,Essa mudança pode te APROVAR no seu PRÓXIMO CONCURSO PÚBLICO!,ERRO_HTTP_403,2026-06-12T18:05:54.567885+00:00
PWKWHlmenSc,Sobre a Carreira do Banco do Brasil #concursos,ERRO_HTTP_403,2026-06-12T18:05:55.235958+00:00
N6POE0At_c0,Concurso do Banco do Brasil vem esse ano? #concurso,ERRO_HTTP_403,2026-06-12T18:05:55.822936+00:00
sj9CKrQiauk,Concurseiro raiz sabe mto bem!! 😂😂 #concursos #estudos,ERRO_HTTP_403,2026-06-12T18:05:56.396375+00:00
w4BaYfvBVxE,Estratégia de revisar para não esquecer o que estudou #concursos,ERRO_HTTP_403,2026-06-12T18:05:56.970679+00:00
ef_gHEe6pXI,COMO ESTUDAR TODOS OS DIAS (SEM DESISTIR NO MEIO),ERRO_HTTP_403,2026-06-12T18:05:57.545850+00:00
4nt1H_o5uDo,Concursos Públicos: 7 coisas que você precisa saber antes de começar a estudar,ERRO_HTTP_403,2026-06-12T18:05:58.116034+00:00
VOhv8xkuGSA,Mudei ISSO e Fui APROVADO DUAS VEZES no TJSP!,ERRO_HTTP_403,2026-06-12T18:05:58.693637+00:00
EIeD5GkE-uo,[URGENTE 🚨] Banco do Brasil: EDITAL em MARÇO!,ERRO_HTTP_403,2026-06-12T18:05:59.286577+00:00
B3u-mB9BumY,Top 3 Coisas que atrasam a sua aprovação em um Concurso Público,ERRO_HTTP_403,2026-06-12T18:05:59.884448+00:00
ejyySMcXePQ,Suas Metas de Estudo para Concursos estão te ATRAPALHANDO!,ERRO_HTTP_403,2026-06-12T18:06:00.493157+00:00
_jsxwVmAThw,É nessa etapa que você aprende o que estudou,ERRO_HTTP_403,2026-06-12T18:06:01.115198+00:00
wPXH84h6sck,COMO ESTUDAR MAIS PODE TE REPROVAR,ERRO_HTTP_403,2026-06-12T18:06:01.729264+00:00
adl7Mxc98z8,CONCURSO BANCO DO BRASIL: TUDO O QUE VOCÊ PRECISA SABER!,ERRO_HTTP_403,2026-06-12T18:06:02.343226+00:00
rOpCwPCXnX0,Você faz Isso? Então Nunca Vai Passar em um Concurso!,ERRO_HTTP_403,2026-06-12T18:06:02.915625+00:00
9QKlm7GLYDg,A rotina que induz CONCENTRAÇÃO nos ESTUDOS,ERRO_HTTP_403,2026-06-12T18:06:03.699467+00:00
sgiveDj2c-s,Alguém tem que falar... #concursos #estudos #concursopublico,ERRO_HTTP_403,2026-06-12T18:06:04.271231+00:00
u0VuHkrpDwY,Estudos: NÃO ESPERE GOSTAR PARA COMEÇAR!,ERRO_HTTP_403,2026-06-12T18:06:04.843261+00:00
mJkcv_s4ev8,POR QUE O TJSP CHAMA TANTAS PESSOAS? 🤔,ERRO_HTTP_403,2026-06-12T18:06:05.424653+00:00
XTTHQFjjt9M,Aí eu arrumei um problemão mesmo! 😂,ERRO_HTTP_403,2026-06-12T18:06:06.009807+00:00
nNXlk83dUFk,Concurso Banco do Brasil: Aposentar ganhando 23 mil reais?? Você não vai acreditar!,ERRO_HTTP_403,2026-06-12T18:06:06.588508+00:00
IPO4ck4ldsM,🤣🤣 #concursospúblicos #concursos #concurso,ERRO_HTTP_403,2026-06-12T18:06:07.158397+00:00
dTIOf3kNORE,O que nunca falam sobre Estudos para Concursos (Efeito Composto),ERRO_HTTP_403,2026-06-12T18:06:07.737562+00:00
3E4bMsuouGk,Como MAPEAR A Banca do Seu Concurso e ACERTAR MAIS QUESTÕES,ERRO_HTTP_403,2026-06-12T18:06:08.310555+00:00
fTTVKI26wrE,"ENTREVISTA COM APROVADO: Leonardo R. (TJSP, MPSP, ALMG, FISCAL DE POSTURAS SP)",ERRO_HTTP_403,2026-06-12T18:06:08.883908+00:00
2ahfozQkVEE,O Concurso do Banco do Brasil está vindo aí! #concursos,ERRO_HTTP_403,2026-06-12T18:06:09.456213+00:00
eWBaU6KuQeI,"Quem estuda sério não estuda com o celular do lado, meu consagrado",ERRO_HTTP_403,2026-06-12T18:06:10.033821+00:00
H9PK8zGP0k0,#estudos #concurso #concursos,ERRO_HTTP_403,2026-06-12T18:06:10.605188+00:00
fYWoalgqoMg,Hoje não teremos um milagre 🥀 #diadosnamorados #concursopublico #direito #concurso,ERRO_HTTP_403,2026-06-12T18:06:11.181926+00:00
sJiMvYRdylU,Matemática e RLM: Do Pesadelo à Aprovação! #shorts,ERRO_HTTP_403,2026-06-12T18:06:11.758688+00:00
q0y8uSX0A-s,Detectando Armadilhas em Questões de Múltipla Escolha #shorts,ERRO_HTTP_403,2026-06-12T18:06:12.338927+00:00
NoycrNp59xI,Qual é a sua técnica para o celular não te atrapalhar? #concursos #estudos,ERRO_HTTP_403,2026-06-12T18:06:12.910612+00:00
FHWQulFLSZU,Só quem vive sabe 🤣🤣 #concursos,ERRO_HTTP_403,2026-06-12T18:06:13.484196+00:00
3D3UlUAIlPg,Comece Com Apenas 2 Minutos Para Vencer A Procrastinação #shorts,ERRO_HTTP_403,2026-06-12T18:06:14.058721+00:00
rFA6st-Az2s,Pessimismo e concursos públicos não combinam! #concursos,ERRO_HTTP_403,2026-06-12T18:06:14.645813+00:00
cRSx84_T3lk,Seu Futuro Cargo Está em Risco? Veja o Que a IA Vai Mudar nos Concursos!,ERRO_HTTP_403,2026-06-12T18:06:15.240803+00:00
avZYgs7Jl-o,Concurso do Banco do Brasil: o Segredo é focar nas matérias que mais pontuam! #concursos,ERRO_HTTP_403,2026-06-12T18:06:15.816047+00:00
ZA58jjnyi-U,Estude com Dificuldade para Concursos #shorts,ERRO_HTTP_403,2026-06-12T18:06:16.391246+00:00
Ja39s0HyECk,Ai me quebrou #concurso #estudos,ERRO_HTTP_403,2026-06-12T18:06:16.961979+00:00
qFo2fXmGLco,Informações sobre o Concurso do Banco do Brasil! #concursos #concursopublico,ERRO_HTTP_403,2026-06-12T18:06:17.538317+00:00
8yeAaTjD6Hw,Descubra a Fórmula Secreta de Estudo 70/30 #shorts,ERRO_HTTP_403,2026-06-12T18:06:18.116103+00:00
WPk6U7hGf1w,Eu nunca tive outra opção 😅 #concursospúblicos #concurso,ERRO_HTTP_403,2026-06-12T18:06:18.688040+00:00
bx_HbJplbHI,Estudar pra concurso pra não ter que passar por essas patifarias!! #concurso #concursospúblicos,ERRO_HTTP_403,2026-06-12T18:06:19.258936+00:00
pzi5NXi4GVE,Pare de Fugir do Desconforto nos Estudos #shorts,ERRO_HTTP_403,2026-06-12T18:06:19.828920+00:00
rcEpCjC0hpk,Como Ultrapassar 97% dos Concorrentes no seu CONCURSO (mostrei meus resultados),ERRO_HTTP_403,2026-06-12T18:06:20.403505+00:00
viUgtlubxyc,Como Estudar TODOS os Dias Sem Falhar (e achar bom),ERRO_HTTP_403,2026-06-12T18:06:20.981546+00:00
iuGKBwkTh6k,Me ajuda a te ajudar,ERRO_HTTP_403,2026-06-12T18:06:21.553878+00:00
vuz20yPZFrU,Tem gente que fica desumilde rápido 😂😂 #concursospúblicos #concursos #estudos,ERRO_HTTP_403,2026-06-12T18:06:22.137015+00:00
Ks85b_AqMnM,Só quem vive sabe 😅,ERRO_HTTP_403,2026-06-12T18:06:22.709121+00:00
q5TlrDclwbM,"Prepare-se da melhor forma, deixei um curso gratuito disponível nos links do canal! #concursos",ERRO_HTTP_403,2026-06-12T18:06:23.288197+00:00
q0y8uSX0A-s,Detectando Armadilhas em Questões de Múltipla Escolha #shorts,ERRO_HTTP_403,2026-06-12T18:06:23.856887+00:00
Td539KhgZ8c,Domine Seus Estudos: Técnica Secreta de Revisão Eficaz! #shorts,ERRO_HTTP_403,2026-06-12T18:06:24.428002+00:00
VKrlMMuWvg4,Vença a Preguiça e Vá para a Academia #shorts,ERRO_HTTP_403,2026-06-12T18:06:25.001536+00:00
Mvniau9zZvU,"11/11 - 20h, você vai conhecer a Maior Black Friday que a Brabo já fez - Link no 1° comentário 🔥",ERRO_HTTP_403,2026-06-12T18:06:25.575202+00:00
ZA58jjnyi-U,Estude com Dificuldade para Concursos #shorts,ERRO_HTTP_403,2026-06-12T18:06:26.168614+00:00
rcEpCjC0hpk,Como Ultrapassar 97% dos Concorrentes no seu CONCURSO (mostrei meus resultados),ERRO_HTTP_403,2026-06-12T18:06:26.748087+00:00
NQqlylxMroc,Gerenciando 30% de Dificuldade nos Estudos #shorts,ERRO_HTTP_403,2026-06-12T18:06:27.329460+00:00
TrH_XlLzyfM,Objetivos Possíveis com Esforço Consistente #shorts,ERRO_HTTP_403,2026-06-12T18:06:27.979742+00:00
6nA-zfrVLZU,Planejamento do zero para o Concurso do Banco do Brasil #concursos,ERRO_HTTP_403,2026-06-12T18:06:28.550821+00:00
sgiveDj2c-s,Alguém tem que falar... #concursos #estudos #concursopublico,ERRO_HTTP_403,2026-06-12T18:06:29.125155+00:00
uz-ksz3oWdg,Acredite no Seu Potencial Para Concursos #shorts,ERRO_HTTP_403,2026-06-12T18:06:29.704088+00:00
IPO4ck4ldsM,🤣🤣 #concursospúblicos #concursos #concurso,ERRO_HTTP_403,2026-06-12T18:06:30.273771+00:00
viUgtlubxyc,Como Estudar TODOS os Dias Sem Falhar (e achar bom),ERRO_HTTP_403,2026-06-12T18:06:30.853194+00:00
8yeAaTjD6Hw,Descubra a Fórmula Secreta de Estudo 70/30 #shorts,ERRO_HTTP_403,2026-06-12T18:06:31.429955+00:00
IyzWGS-ydTw,Você nunca mais vai gastar nenhum centavo com curso para concurso público😱 - Link no 1° comentário,ERRO_HTTP_403,2026-06-12T18:06:32.006833+00:00
zl9jUTXTyVY,A Pressão Pública Impulsiona Seus Estudos #shorts,ERRO_HTTP_403,2026-06-12T18:06:32.584371+00:00
5KNiuJkNOM4,Estratégia de Aprovação: 3 Concursos em 90% de Acerto! #shorts,ERRO_HTTP_403,2026-06-12T18:06:33.171194+00:00
_Q8ufVGUCP0,Faça sempre revisões ativas com exercícios e flashcards! #concursos,ERRO_HTTP_403,2026-06-12T18:06:33.756423+00:00
xWGek_xWo60,"Para participar da Black Vitalícia da Brabo Concursos, clique no 1° comentário fixado 👇👇",ERRO_HTTP_403,2026-06-12T18:06:34.354468+00:00
j2n1RbD2afg,Concurso Banco do Brasil: É possível ser aprovado começando agora?,ERRO_HTTP_403,2026-06-12T18:06:34.933611+00:00
iNbgyUZBzko,Concurso Bancário: Sua Chance de Sucesso Sem Faculdade! #shorts,ERRO_HTTP_403,2026-06-12T18:06:35.508278+00:00
HSGTzN0fT2Q,Acredite: A Aprovação em Concursos é Possível! #shorts,ERRO_HTTP_403,2026-06-12T18:06:36.089739+00:00
Ja39s0HyECk,Ai me quebrou #concurso #estudos,ERRO_HTTP_403,2026-06-12T18:06:36.672429+00:00
qFo2fXmGLco,Informações sobre o Concurso do Banco do Brasil! #concursos #concursopublico,ERRO_HTTP_403,2026-06-12T18:06:37.244937+00:00
9R_uDKSTuUg,Concurso Banco do Brasil: Até Quanto Você Pode Receber? (Salário Escriturário),ERRO_HTTP_403,2026-06-12T18:06:37.817842+00:00
jL9vxKZGNII,Concurso Banco do Brasil: Edital com 7 Mil Vagas? Previsão! #shorts,ERRO_HTTP_403,2026-06-12T18:06:38.391170+00:00
n8ksiPc9jMU,A Técnica FÁCIL de Revisão que me APROVOU em 3 Concursos (com 90% de acerto),ERRO_HTTP_403,2026-06-12T18:06:38.968877+00:00
OnuWkLtqWok,Como GABARITAR direito CONSTITUCIONAL no TJSP,ERRO_HTTP_403,2026-06-12T18:06:39.540681+00:00
-Ket07uh1Tw,Como estudar INFORMÁTICA por QUESTÕES (fiz 92% assim),ERRO_HTTP_403,2026-06-12T18:06:40.123837+00:00
bqDNmmrYB5Q,Sonhe Com a Aprovação: Motivação Para Concursos #shorts,ERRO_HTTP_403,2026-06-12T18:06:40.700053+00:00
BXXfBtqpUKE,Concurso Banco do Brasil: Mais um andamento na Escolha da Banca! (Novidade),ERRO_HTTP_403,2026-06-12T18:06:41.273273+00:00
RY9VM601dw4,Veja todos os benefícios do cargo de escriturário do Banco do Brasil nos comentários! #concursos,ERRO_HTTP_403,2026-06-12T18:06:41.849542+00:00
CMgZ-zLiXMM,Esse é o MELHOR CONCURSO ESCADA do Brasil! (Torne-se um Concurseiro Concursado),ERRO_HTTP_403,2026-06-12T18:06:42.421404+00:00
FF6V-aXWTAs,Concurso Banco do Brasil: Faça isso AGORA no seu Cronograma para Conquistar a sua Aprovação,ERRO_HTTP_403,2026-06-12T18:06:43.009409+00:00
wMclsWCVo-s,"Concurso Banco do Brasil: Estude Menos, Passe Mais! #shorts",ERRO_HTTP_403,2026-06-12T18:06:43.588730+00:00
iCiWlgwW7d0,TJSP: Qual Cidade Escolher? (Não escolha antes de ver),ERRO_HTTP_403,2026-06-12T18:06:44.164572+00:00
lUC3OsdvcRU,Concurso Banco do Brasil: Raio-x da Prova (Essas matérias caem mais),ERRO_HTTP_403,2026-06-12T18:06:44.740831+00:00
12deDoWwjKw,Edital Saindo Logo: Escolha de Banca em Andamento! #shorts,ERRO_HTTP_403,2026-06-12T18:06:45.317432+00:00
Xe0yoSfzuSs,Por que o BANCO Do BRASIL será o MELHOR CONCURSO de 2025!,ERRO_HTTP_403,2026-06-12T18:06:45.890225+00:00
gFlIJuiAzOs,Como estudar PORTUGUÊS para CONCURSOS PÚBLICOS [Aprovado em 3 Concursos],ERRO_HTTP_403,2026-06-12T18:06:46.463876+00:00
s7naRL_bna0,😭😭😭 #estudos #concursopublico #concurso,ERRO_HTTP_403,2026-06-12T18:06:47.041481+00:00
TxeI6F1gc4M,Concurso CORREIOS: Passo a Passo pra ser Aprovado do Zero,ERRO_HTTP_403,2026-06-12T18:06:47.617667+00:00
HM2a40mKjlY,"Sem tempo, irmão kkkkk #concursospúblicos #concursos",ERRO_HTTP_403,2026-06-12T18:06:48.204836+00:00
XnhOb9HGK8Q,Você estuda mais de um tópico antes de fazer exercícios? 🤔 #concursospúblicos #concursos,ERRO_HTTP_403,2026-06-12T18:06:48.788752+00:00
ONYZGtNUYkw,Veja no meu canal vídeos detalhado sobre como utilizar ciclos de estudos! #concursospúblicos,ERRO_HTTP_403,2026-06-12T18:06:49.364655+00:00
-8aaCoE6NGk,Concurso do Banco do Brasil Publicou edital? #concursos #estudos #concursospúblicos,ERRO_HTTP_403,2026-06-12T18:06:49.938250+00:00
jd3ncFVpwd4,Vai dar sorte sim! 😂 Alguém mais tem um amigo iludido que conta com a sorte?,ERRO_HTTP_403,2026-06-12T18:06:50.513274+00:00
eR9x_09ot80,As 5 PIORES TÉCNICAS De ESTUDO Que EXISTEM! (Comprovado pela Ciência),ERRO_HTTP_403,2026-06-12T18:06:51.089886+00:00
mWBasj33JIw,Revisão Ativa: A Chave para Aprovação Rápida #shorts,ERRO_HTTP_403,2026-06-12T18:06:51.664626+00:00
avZYgs7Jl-o,Concurso do Banco do Brasil: o Segredo é focar nas matérias que mais pontuam! #concursos,ERRO_HTTP_403,2026-06-12T18:06:52.276446+00:00
7agnZ1mQYLc,Curso Gratuito para o Banco do Brasil nos links do canal e na bio do insta #concursos #estudos,ERRO_HTTP_403,2026-06-12T18:06:52.846065+00:00
Mvniau9zZvU,"11/11 - 20h, você vai conhecer a Maior Black Friday que a Brabo já fez - Link no 1° comentário 🔥",ERRO_HTTP_403,2026-06-12T18:06:53.421498+00:00
JRpuP9feCDI,Por que VOCÊ DEVE BUSCAR a Mudança de Vida nos ESTUDOS,ERRO_HTTP_403,2026-06-12T18:06:54.002971+00:00
UVLxaBQxP7k,Concurso Banco do Brasil: Utilize essa Técnica para Gabaritar Várias Matérias,ERRO_HTTP_403,2026-06-12T18:06:54.573028+00:00
Xe0yoSfzuSs,Por que o BANCO Do BRASIL será o MELHOR CONCURSO de 2025!,ERRO_HTTP_403,2026-06-12T18:06:55.145582+00:00
rFA6st-Az2s,Pessimismo e concursos públicos não combinam! #concursos,ERRO_HTTP_403,2026-06-12T18:06:55.717705+00:00
FHWQulFLSZU,Só quem vive sabe 🤣🤣 #concursos,ERRO_HTTP_403,2026-06-12T18:06:56.291637+00:00
VKrlMMuWvg4,Vença a Preguiça e Vá para a Academia #shorts,ERRO_HTTP_403,2026-06-12T18:06:56.865813+00:00
_Q8ufVGUCP0,Faça sempre revisões ativas com exercícios e flashcards! #concursos,ERRO_HTTP_403,2026-06-12T18:06:57.440188+00:00
ivrFBp83BVM,Concurso Banco do Brasil: Quantas Horas Você Precisa Estudar Para Ser Aprovado,ERRO_HTTP_403,2026-06-12T18:06:58.012862+00:00
bx_HbJplbHI,Estudar pra concurso pra não ter que passar por essas patifarias!! #concurso #concursospúblicos,ERRO_HTTP_403,2026-06-12T18:06:58.597861+00:00
q5TlrDclwbM,"Prepare-se da melhor forma, deixei um curso gratuito disponível nos links do canal! #concursos",ERRO_HTTP_403,2026-06-12T18:06:59.172149+00:00
6nA-zfrVLZU,Planejamento do zero para o Concurso do Banco do Brasil #concursos,ERRO_HTTP_403,2026-06-12T18:06:59.741366+00:00
09GJ0Aj1Pqg,Como ser AUTODIDATA nos Estudos (Aprenda tudo sozinho),ERRO_HTTP_403,2026-06-12T18:07:00.324139+00:00
whqhhjVZsGs,Como CONCILIAR DOIS OU MAIS CONCURSOS (e passar!),ERRO_HTTP_403,2026-06-12T18:07:00.922850+00:00
vuz20yPZFrU,Tem gente que fica desumilde rápido 😂😂 #concursospúblicos #concursos #estudos,ERRO_HTTP_403,2026-06-12T18:07:01.493696+00:00
a2vSOeoxaLw,Sai daqui com esse negócio de 44h semanais 🤣🤣 #concursos,ERRO_HTTP_403,2026-06-12T18:07:02.073703+00:00
5KNiuJkNOM4,Estratégia de Aprovação: 3 Concursos em 90% de Acerto! #shorts,ERRO_HTTP_403,2026-06-12T18:07:02.647011+00:00
4beiBaePEFY,O Concurso do Banco do Brasil é Fácil? Veja e ENTENDA as Notas de Corte,ERRO_HTTP_403,2026-06-12T18:07:03.225301+00:00
ciVxNzY_n04,Estudo Eficiente: Exercício é a Chave para Aprovação! #shorts,ERRO_HTTP_403,2026-06-12T18:07:03.801461+00:00
CYy-BR5x7QE,"Memorizar é ver várias vezes, de forma intervalada e alternada. #concursos",ERRO_HTTP_403,2026-06-12T18:07:04.375357+00:00
GOY2GI7fA4o,TJSP RETA FINAL: Motivação para Continuar!,ERRO_HTTP_403,2026-06-12T18:07:04.945954+00:00
jd3ncFVpwd4,Vai dar sorte sim! 😂 Alguém mais tem um amigo iludido que conta com a sorte?,ERRO_HTTP_403,2026-06-12T18:07:05.518402+00:00
-jgOKOwQfgQ,Por que (e como) um Concurso Público pode mudar a sua vida em 2026,ERRO_HTTP_403,2026-06-12T18:07:06.108412+00:00
s7naRL_bna0,😭😭😭 #estudos #concursopublico #concurso,ERRO_HTTP_403,2026-06-12T18:07:06.685222+00:00
FGmjB8OtsQA,Como EU ESTUDARIA Para o CONCURSO Dos CORREIOS 2024 (Nível médio),ERRO_HTTP_403,2026-06-12T18:07:07.283448+00:00
-8aaCoE6NGk,Concurso do Banco do Brasil Publicou edital? #concursos #estudos #concursospúblicos,ERRO_HTTP_403,2026-06-12T18:07:07.856864+00:00
kbOu5ArR9IM,Salário Escriturário Banco do Brasil: Mais de R$9.000 Mensal! #shorts,ERRO_HTTP_403,2026-06-12T18:07:08.439696+00:00
DJiZaGR3xZQ,Conquiste sua Aprovação em Concursos: 9 Dicas Infalíveis #shorts,ERRO_HTTP_403,2026-06-12T18:07:09.016320+00:00
He_vgFlFvxs,BB Banco do Brasil 2024: Vale a Pena Estudar Agora? #shorts,ERRO_HTTP_403,2026-06-12T18:07:09.587279+00:00
HM2a40mKjlY,"Sem tempo, irmão kkkkk #concursospúblicos #concursos",ERRO_HTTP_403,2026-06-12T18:07:10.164191+00:00
cdmFKVjOhVc,Como Fazer RESUMOS DE ALTA MEMORIZAÇÃO para Concursos Públicos,ERRO_HTTP_403,2026-06-12T18:07:10.734240+00:00
THksmmqv9bk,Anota!! ✍️ #concursos #estudos,ERRO_HTTP_403,2026-06-12T18:07:11.312490+00:00
YIUQXDZiEpA,Quando irá sair o edital do Banco do Brasil? #concursos #bancodobrasil #concurso,ERRO_HTTP_403,2026-06-12T18:07:11.888217+00:00
onb63oQFN6I,"Queria né, sei… 👀 #concursos #estudos",ERRO_HTTP_403,2026-06-12T18:07:12.461196+00:00
918BbEd3iUc,Aumente Sua Aprendizagem: Hack de Estudo Rápido! #shorts,ERRO_HTTP_403,2026-06-12T18:07:13.033504+00:00
F7S71nMrH8k,"Para participar da nossa Black Vitalícia, clique no link do 1° comentário 🔥",ERRO_HTTP_403,2026-06-12T18:07:13.607811+00:00
KB0QinWg1vA,Quebre Seu Platô: Estratégia de Estudo para Concursos! #shorts,ERRO_HTTP_403,2026-06-12T18:07:14.184978+00:00
nWYAyx_q9ok,Como estudar MATEMÁTICA para CONCURSOS,ERRO_HTTP_403,2026-06-12T18:07:14.761987+00:00
mdAZdYA-JLo,Principais informações sobre o Concurso do Banco do Brasil #concursospúblicos #bancodobrasil,ERRO_HTTP_403,2026-06-12T18:07:15.340468+00:00
z34t2A3WuOQ,Como estudar Atualidades para a prova do TJSP,ERRO_HTTP_403,2026-06-12T18:07:15.923235+00:00
7m0Bs60y6uE,BANCO DO BRASIL: A VERDADE SOBRE O CONCURSO,ERRO_HTTP_403,2026-06-12T18:07:16.503987+00:00
xV1ciwHA3Ik,Deixei um curso gratuito para o Concurso do Banco do Brasil nos links aqui do meu canal! #concursos,ERRO_HTTP_403,2026-06-12T18:07:17.083010+00:00
6GRp6RmKrO4,🔥Concurso Banco do Brasil: Atualizações e Situação Atual do Próximo Edital,ERRO_HTTP_403,2026-06-12T18:07:17.657074+00:00
JQwPiF5jNsc,Concurso Banco do Brasil: Aprovação Rápida Começando Agora! #shorts,ERRO_HTTP_403,2026-06-12T18:07:18.229512+00:00
hEeHfGEXtW0,O EMPREGO dos Sonhos vai Abrir um EDITAL e ninguém fala sobre isso (Não precisa de faculdade),ERRO_HTTP_403,2026-06-12T18:07:18.805384+00:00
iZYSAhZp7eI,TJSP: Faça ISSO para GABARITAR PORTUGUÊS e Ser Aprovado!,ERRO_HTTP_403,2026-06-12T18:07:19.378560+00:00
-SP4bjaVGrc,Concurso Banco do Brasil: EDITAL VAI SAIR AGORA?,ERRO_HTTP_403,2026-06-12T18:07:19.955683+00:00
BlgruP6-v6w,Como eu PASSARIA em um Concurso do ZERO em 6 meses (Aprovado em 3 concursos),ERRO_HTTP_403,2026-06-12T18:07:20.537886+00:00
FBMbUKPWe80,Concurso CORREIOS: Tudo o que Você Precisa Saber! (Nível Médio 2024),ERRO_HTTP_403,2026-06-12T18:07:21.118940+00:00
zYnJazbJweM,Encontrando o Desconforto Ideal para o Crescimento #shorts,ERRO_HTTP_403,2026-06-12T18:07:21.692530+00:00
w07L_Lx9Cxs,[ATUALIZADO 2026] NOVO SALÁRIO DE ESCRITURÁRIO DO BANCO DO BRASIL (ANUAL),ERRO_HTTP_403,2026-06-12T18:07:22.265404+00:00
YRG2x1hJL7A,Como ESTUDEI POR QUESTÕES e fui APROVADO EM 3 CONCURSOS (em 1 ano),ERRO_HTTP_403,2026-06-12T18:07:22.836782+00:00
xJvfpzG8KZE,Esse tipo de MATERIAL é Melhor para ESTUDAR (+ Memorização e Atenção),ERRO_HTTP_403,2026-06-12T18:07:23.409308+00:00
dsqNdqnPVvY,OS MELHORES CONCURSOS DE 2024 (até agora!),ERRO_HTTP_403,2026-06-12T18:07:23.985615+00:00
iC-mNR9q5qQ,Como estudar Matemática por Questões (5 dicas infalíveis),ERRO_HTTP_403,2026-06-12T18:07:24.568246+00:00
4cl1_Lz7Ito,Concurso Banco do Brasil: Essa é a ÚNICA forma de ser aprovado em 2025,ERRO_HTTP_403,2026-06-12T18:07:25.148235+00:00
ZCrSmsvr5nw,COMO eu ESTUDARIA para o TJSP no PÓS-EDITAL (Aprovado duas vezes com 90+),ERRO_HTTP_403,2026-06-12T18:07:25.724427+00:00
03-P7AX8xEM,Horários de trabalho da carreira do Banco do Brasil #concursos,ERRO_HTTP_403,2026-06-12T18:07:26.295045+00:00
32sDrVz9k-c,Concurso de Nível médio: Banco do Brasil #concursos,ERRO_HTTP_403,2026-06-12T18:07:26.866799+00:00
TJtcxsoKjgw,Os BENEFÍCIOS Do TÉDIO Para Quem ESTUDA,ERRO_HTTP_403,2026-06-12T18:07:27.447630+00:00
n5V1rZhBA84,Salário e benefício atualizados! Concurso do Banco do Brasil em detalhes! #concursos #estudos,ERRO_HTTP_403,2026-06-12T18:07:28.021334+00:00
ld7JtSABpNI,Por que PASSAR em CONCURSO PÚBLICO é tão DIFÍCIL,ERRO_HTTP_403,2026-06-12T18:07:28.597380+00:00
ysP9dBuCYv8,Mais detalhes sobre a carreira e remuneração para Escriturário do Banco do Brasil #concursos,ERRO_HTTP_403,2026-06-12T18:07:29.172816+00:00
k1juQZe9vmQ,Rotina Imprevisível: Por Que Você Vive Cansado? #shorts,ERRO_HTTP_403,2026-06-12T18:07:29.752984+00:00
gRjsc33tXVA,A Zona de Conforto é uma Armadilha no Estudo #shorts,ERRO_HTTP_403,2026-06-12T18:07:30.328034+00:00
7nc_Kh1IT_4,Link do Projeto na bio do meu insta! Banco do Brasil 🇧🇷 #concursos,ERRO_HTTP_403,2026-06-12T18:07:30.904164+00:00
Mt6LbnK8YOQ,Estudar contando HORAS LÍQUIDAS é PERDA DE TEMPO (troque por essa técnica),ERRO_HTTP_403,2026-06-12T18:07:31.486611+00:00
PR75M6rJOBo,Banco do Brasil: Serão 7 mil Vagas no Próximo Concurso? Previsão Surpreende!,ERRO_HTTP_403,2026-06-12T18:07:32.056545+00:00
-aDbkL_4nQU,Concurso Banco do Brasil: Idade Não é Limite! #shorts,ERRO_HTTP_403,2026-06-12T18:07:32.636516+00:00
rCTQRmdlAEw,Concurso Público: Quantas QUESTÕES fazer para ser Aprovado Rápido?,ERRO_HTTP_403,2026-06-12T18:07:33.212737+00:00
qO3two66EZc,Cronograma de Estudos que usei para ser aprovado em 3 Concursos,ERRO_HTTP_403,2026-06-12T18:07:33.787457+00:00
YAMtE73LbWE,720 NOVOS CARGOS NO TJSP: Mais Nomeações ou Novo Concurso?,ERRO_HTTP_403,2026-06-12T18:07:34.373156+00:00
JGlcSQ8M_Ds,Leitura Analítica: Como Gabaritar Interpretação de Texto em Concursos,ERRO_HTTP_403,2026-06-12T18:07:34.950287+00:00
RSarc9u2RHo,Como Treinar me ajudou a ser Aprovado mais rápido nos Concurso Públicos,ERRO_HTTP_403,2026-06-12T18:07:35.524566+00:00
HQMuT3AKm0k,Curso gratuito para o Banco do Brasil disponível nos links aqui do canal! #concursos #concurso,ERRO_HTTP_403,2026-06-12T18:07:36.097744+00:00
74HFICcRkA0,Banco do Brasil: Lei Magnitsky e EUA estão atrapalhando o Concurso?? (Spoiler: não),ERRO_HTTP_403,2026-06-12T18:07:36.673174+00:00
dXw_M9Jvgbc,Como Gabaritar Direito Penal no TJSP,ERRO_HTTP_403,2026-06-12T18:07:37.249888+00:00
Wo8iJcF5R3E,Concurso do Banco do Brasil: Como eu Começaria do Zero Para Ser Aprovado,ERRO_HTTP_403,2026-06-12T18:07:37.831603+00:00
ajjKqeHJ1qo,Sobre os Cargos do Concurso do Banco do Brasil #concursos,ERRO_HTTP_403,2026-06-12T18:07:38.405331+00:00
IbHXw4wOH5s,BANCO DO BRASIL: PLANO DE ESTUDOS!,ERRO_HTTP_403,2026-06-12T18:07:38.980785+00:00
yTDR7Cg15u8,Concurso CORREIOS: Como Eu ESTUDARIA No PÓS-EDITAL,ERRO_HTTP_403,2026-06-12T18:07:39.562888+00:00
HzFcL2pHqzQ,Notícia sobre o edital do Concurso do Banco do Brasil #concurso #concursopublico #bancodobrasil,ERRO_HTTP_403,2026-06-12T18:07:40.137083+00:00
tOOscRtcGOI,Concurso do Banco do Brasil: informações importantes! #concursos,ERRO_HTTP_403,2026-06-12T18:07:40.713347+00:00
N7jrWTAHlxE,Concurso do Banco do Brasil: NÃO use cronograma fixo para estudar! #concursos #estudos,ERRO_HTTP_403,2026-06-12T18:07:41.290418+00:00
gKlrG216XeI,TJSP: Como ser APROVADO RÁPIDO!,ERRO_HTTP_403,2026-06-12T18:07:41.873302+00:00
OynGOMViIjM,Concurso Banco do Brasil:  Faça isso para Estudar a Matéria e não Esquecer,ERRO_HTTP_403,2026-06-12T18:07:42.449121+00:00
Hqw71IGmup0,FUI NOMEADO HOJE PARA O TJSP 2023!!! (FELICIDADE INFINITA!!),ERRO_HTTP_403,2026-06-12T18:07:43.023952+00:00
UsB8pyEwKo4,7 motivos para você fazer o Concurso do Banco do Brasil! #concursos,ERRO_HTTP_403,2026-06-12T18:07:43.596979+00:00
hlHL_pObjDk,Concurso Banco do Brasil 2026: Sua Chance Garantida! #shorts,ERRO_HTTP_403,2026-06-12T18:07:44.185109+00:00
VF0d-v6CJTc,Conquiste Emprego Público Sem Faculdade ou Curso! #shorts,ERRO_HTTP_403,2026-06-12T18:07:44.762317+00:00
aE4UyGlwfvM,PARE DE ESTUDAR FOFO!! 🥴🥴,ERRO_HTTP_403,2026-06-12T18:07:45.331629+00:00
fGJkahUtc9c,Banco do Brasil: GABARITE REDAÇÃO Com Essa Técnica! (Aula Completa),ERRO_HTTP_403,2026-06-12T18:07:45.905351+00:00
Wo6hMEEEJMc,Como Estudar de Forma Ativa (E memorizar tudo),ERRO_HTTP_403,2026-06-12T18:07:46.488379+00:00
250RzkXp6lI,"Estude Menos, Aprenda Mais: A Estratégia! #shorts",ERRO_HTTP_403,2026-06-12T18:07:47.062775+00:00
AKa7N9qU2FA,Top 5 Erros que IRÃO te Reprovar no Concurso do Banco do Brasil,ERRO_HTTP_403,2026-06-12T18:07:47.635185+00:00
Kgb6LuNOP4s,Como DOMINAR as Matérias do Concurso do Banco do Brasil (E ser Aprovado em 2025),ERRO_HTTP_403,2026-06-12T18:07:48.208463+00:00
VEWceKsrdYQ,Como PARAR DE USAR O CELULAR Enquanto ESTUDA (para sempre),ERRO_HTTP_403,2026-06-12T18:07:48.786506+00:00
NvSNHrFMwzU,Você trocaria de emprego para ganhar 6 mil e ser concursado? (Não precisa de faculdade),ERRO_HTTP_403,2026-06-12T18:07:49.355527+00:00
z3hGSxmoWrs,Por Que Você Desiste de Estudar? A Ciência Explica! #shorts,ERRO_HTTP_403,2026-06-12T18:07:49.924905+00:00
BlCT0-netcU,Banco do Brasil: Você Não Vai ACREDITAR Nesses BENEFÍCIOS do Cargo,ERRO_HTTP_403,2026-06-12T18:07:50.500293+00:00
7SHuHcWwPEg,Como ESTUDAR Para CONCURSOS Usando TABLET (Aprovado em 3 concursos) - Tab S6 LITE,ERRO_HTTP_403,2026-06-12T18:07:51.079503+00:00
9l1j4tYz3HE,Concurso Banco do Brasil: A NOTA DE CORTE Pode Ser Essa Aqui,ERRO_HTTP_403,2026-06-12T18:07:51.655878+00:00
lRiE1YVA4OE,Estudos para Concursos: Como Identificar e Lidar com Distrações,ERRO_HTTP_403,2026-06-12T18:07:52.373069+00:00
EEuDGHhIxGg,Rotina de Estudos: A Chave para Aprovações Rápidas! #shorts,ERRO_HTTP_403,2026-06-12T18:07:52.953130+00:00
x1J4D_IJ56U,CORREIOS: DOMINE A BANCA PARA VOAR NA PROVA! (Aula Completa) - Banca IBFC,ERRO_HTTP_403,2026-06-12T18:07:53.530338+00:00
XTJOJV3V4hc,Salário Banco do Brasil 2025: coloquei os cálculos nos comentários!,ERRO_HTTP_403,2026-06-12T18:07:54.105944+00:00
5Bjmj0byPp0,Salário Anual: Descubra o Valor Total e Pagamentos #shorts,ERRO_HTTP_403,2026-06-12T18:07:54.681699+00:00
UeVWO1WfZMU,Remando contra a maré! #concursos,ERRO_HTTP_403,2026-06-12T18:07:55.260394+00:00
oe783soJCco,Dica de estudo para o Concurso do Banco do Brasil #concursopublico #bancodobrasil #estudos #concurso,ERRO_HTTP_403,2026-06-12T18:07:55.835659+00:00
Kzmhf6ZpxEM,Banco do Brasil: Material Concurso Nível Médio #shorts,ERRO_HTTP_403,2026-06-12T18:07:56.410798+00:00
YyKZDn9Jy8s,Quantas horas estudar para o concurso do Banco do Brasil? #concursos,ERRO_HTTP_403,2026-06-12T18:07:56.981633+00:00
qVlIbZZitLE,Tudo que fiz para ser APROVADO no TJSP com 91 pontos (Passo a Passo Completo!),ERRO_HTTP_403,2026-06-12T18:07:57.553036+00:00
4UbFNmEJBkA,Data do Novo Edital do Concurso Banco do Brasil: A única informação importante,ERRO_HTTP_403,2026-06-12T18:07:58.127701+00:00
fZ2oBz0659g,Banco do Brasil: Últimos CANDIDATOS Convocados. Vem CONCURSO por ai?,ERRO_HTTP_403,2026-06-12T18:07:58.702481+00:00
2Omj2Hvj1UI,Concurso Banco do Brasil: Estratégia + Plano de Estudos do zero! (Guia Completo),ERRO_HTTP_403,2026-06-12T18:07:59.271115+00:00
x4_6pZIrdzs,TJSP: Acertei 38/40 em Direito com Essa Técnica! #shorts,ERRO_HTTP_403,2026-06-12T18:07:59.846825+00:00
OXl9tLjdrwA,[TJSP PROVA ANULADA] Faça isso para AUMENTAR SUA NOTA na Reaplicação!,ERRO_HTTP_403,2026-06-12T18:08:00.445948+00:00
iIGMcvxLFU0,Escriturário vira advogado do Banco do Brasil? #concursos,ERRO_HTTP_403,2026-06-12T18:08:01.017127+00:00
QT6gJvHmZ84,Concurso Banco do Brasil: Previsão de 7 Mil Vagas! #shorts,ERRO_HTTP_403,2026-06-12T18:08:01.587009+00:00
QDXUEhNxKqE,Concurso do Banco do Brasil: Técnica de Revisão para ser aprovado! #concursos,ERRO_HTTP_403,2026-06-12T18:08:02.156865+00:00
FqCw7rmYp9k,Concurso do Banco do Brasil sai em 2025? #concursos,ERRO_HTTP_403,2026-06-12T18:08:02.727366+00:00
L05loOzliZs,Concursos: Como ESTUDAR as BANCAS e PREVER SUAS QUESTÕES,ERRO_HTTP_403,2026-06-12T18:08:03.301993+00:00
8larUxPSyjc,🚨URGENTE: Banco do Brasil Novo EDITAL Esse Mês? Veja os detalhes,ERRO_HTTP_403,2026-06-12T18:08:03.870109+00:00
G-Y1EXekOVE,Banco do Brasil: Matérias Essenciais para Aprovação Rápida! #shorts,ERRO_HTTP_403,2026-06-12T18:08:04.441243+00:00
4EbTQwP9ut8,Concurso Banco do Brasil 2026: A Melhor Chance Nível Médio! #shorts,ERRO_HTTP_403,2026-06-12T18:08:05.016277+00:00
aprNR-PL0WY,QUANTAS HORAS EU ESTUDEI para ser APROVADO EM 3 CONCURSOS?,ERRO_HTTP_403,2026-06-12T18:08:05.585640+00:00
-1NDN2FIvmo,Qual é o salário do Banco do Brasil com a participação nos lucros? #concursos #estudos,ERRO_HTTP_403,2026-06-12T18:08:06.162536+00:00
bK13PvcDNa4,Curso gratuito para o Banco do Brasil disponível nos links do canal! #concursos #concursospúblicos,ERRO_HTTP_403,2026-06-12T18:08:06.750407+00:00
erBzPsfeEgg,Como a Demora do Concurso do Banco do Brasil Beneficia Quem Está Estudando,ERRO_HTTP_403,2026-06-12T18:08:07.323167+00:00
bzGxEmLCF8A,Aprovado em 3 Concursos: Minha Estratégia de Estudo Revelada! #shorts,ERRO_HTTP_403,2026-06-12T18:08:07.894934+00:00
Xgpb89TWG14,Curso gratuito para o Banco do Brasil na bio do outro app! #concursos,ERRO_HTTP_403,2026-06-12T18:08:08.472287+00:00
nd1QGUH_wyE,"A carreira do Banco do Brasil apresenta oportunidades incríveis, já sabia desses cargos? #concursos",ERRO_HTTP_403,2026-06-12T18:08:09.046678+00:00
SACEa2Wi71s,Concurso Banco do Brasil: curso gratuito nos links do canal #concursos #concursopublico,ERRO_HTTP_403,2026-06-12T18:08:09.627622+00:00
BY7H0wbgymI,Aprovado em Concursos: Minha Estratégia para Acertar 90%+ #shorts,ERRO_HTTP_403,2026-06-12T18:08:10.202674+00:00
DsouD-RM0Cw,"Com o novo reajuste, a remuneração média do Banco do Brasil pode passar dos 9k! #concursos #concurso",ERRO_HTTP_403,2026-06-12T18:08:10.779766+00:00
ezIgfZ2bPGc,Rotina de Estudos: Aumente Sua Potência Gradualmente! #shorts,ERRO_HTTP_403,2026-06-12T18:08:11.353461+00:00
lAHDHoFckbQ,Concurso Público: Comece a Estudar ANTES do Edital! #shorts,ERRO_HTTP_403,2026-06-12T18:08:11.924923+00:00
6uI_xEarfX8,Mude Isso para ser APROVADO no seu PRÓXIMO CONCURSO!,ERRO_HTTP_403,2026-06-12T18:08:12.500289+00:00
h4tRY4uQRCc,Tudo o que você precisa saber sobre o Concurso do Banco do Brasil! #concursos,ERRO_HTTP_403,2026-06-12T18:08:13.070710+00:00
Fa57Rylg8TA,Tirando dúvidas sobre o concurso do Banco do Brasil #concursos,ERRO_HTTP_403,2026-06-12T18:08:13.644344+00:00
anK7OJJ53jM,Concursos Públicos são um JOGO: Aqui está COMO VENCER.,ERRO_HTTP_403,2026-06-12T18:08:14.222520+00:00
up5qX3kYc-E,IA: O SEGREDO para DETONAR no Concurso do Banco do Brasil! #shorts,ERRO_HTTP_403,2026-06-12T18:08:14.795428+00:00
bDXgjt01mnc,Concurso Banco do Brasil: O anterior venceu. Edital a Qualquer momento!! (Dicas),ERRO_HTTP_403,2026-06-12T18:08:15.372450+00:00
kKfRNEkEtEE,Essa é a ÚNICA IA que você precisa para Estudar Mais e Melhor,ERRO_HTTP_403,2026-06-12T18:08:15.948940+00:00
kgMRyvip5eE,Concurso Banco do Brasil: É Possível ser Aprovado Começando Estudar Agora? (Análise sincera),ERRO_HTTP_403,2026-06-12T18:08:16.523966+00:00
Lv31-VblBIs,5 Motivos pelos quais o Banco do Brasil é o Melhor Concurso de 2025 (Nível Médio),ERRO_HTTP_403,2026-06-12T18:08:17.097917+00:00
VkXbSyFsGnM,Remuneração e Salário Banco do Brasil: deixei a conta no primeiro comentário! #concursos,ERRO_HTTP_403,2026-06-12T18:08:17.671300+00:00
NVBt3c8G4oE,O Concurso do Banco do Brasil paga muito bem e só exige nível médio! #concursos,ERRO_HTTP_403,2026-06-12T18:08:18.372314+00:00
YFyF3m4cPTU,Banco do Brasil: Como sair do ZERO e ser APROVADO em 90 DIAS!,ERRO_HTTP_403,2026-06-12T18:08:19.037906+00:00
Oh3PzGZnqB4,Banco do Brasil: Nova notícia traz possível edital em breve!,ERRO_HTTP_403,2026-06-12T18:08:19.632572+00:00
NvSNHrFMwzU,Você trocaria de emprego para ganhar 6 mil e ser concursado? (Não precisa de faculdade),ERRO_HTTP_403,2026-06-12T18:08:20.206992+00:00
un26_5mtzZc,Conquiste sua Aprovação no Banco do Brasil 2026! #shorts,ERRO_HTTP_403,2026-06-12T18:08:20.784766+00:00
cTVgAzJcgHY,Banco do Brasil: Como eu ESTUDARIA COMEÇANDO DO ZERO!,ERRO_HTTP_403,2026-06-12T18:08:21.355558+00:00
DpkATX1F23k,ATITUDES QUE ME APROVARAM EM DOIS CONCURSOS COM 90% DE ACERTOS,ERRO_HTTP_403,2026-06-12T18:08:21.938378+00:00
0WAc6idbMqk,Técnica Mágica de Resumo para Memorização Cerebral #shorts,ERRO_HTTP_403,2026-06-12T18:08:22.525225+00:00
97k6aqRJcSU,Curso gratuito para o Banco do Brasil disponível nos links do canal #concursos #concurso,ERRO_HTTP_403,2026-06-12T18:08:23.096648+00:00
4BZV_IFvWp8,BANCO DO BRASIL: EDITAL PUBLICADO AINDA EM 2024?,ERRO_HTTP_403,2026-06-12T18:08:23.666299+00:00
umJ1zm32k3c,Ficar Isolado Estudando Funciona? Testei o MODO CAVERNA POR UM ANO!,ERRO_HTTP_403,2026-06-12T18:08:24.236817+00:00
-0fK2I-I850,"O caminho dos estudos não é fácil, assim como qualquer coisa que vale a pena na vida. Não se engane!",ERRO_HTTP_403,2026-06-12T18:08:24.819375+00:00
xZfvxWhZpjw,O último é o melhor 😂😂 #concursospúblicos #concurso #estudos,ERRO_HTTP_403,2026-06-12T18:08:25.398537+00:00
h4tRY4uQRCc,Tudo o que você precisa saber sobre o Concurso do Banco do Brasil! #concursos,ERRO_HTTP_403,2026-06-12T18:08:25.990332+00:00
EnPiL-sPiDs,Melhor concurso de nível médio? #concursos,ERRO_HTTP_403,2026-06-12T18:08:26.567122+00:00
FqCw7rmYp9k,Concurso do Banco do Brasil sai em 2025? #concursos,ERRO_HTTP_403,2026-06-12T18:08:27.141314+00:00
wr9_O6aAOeo,Pare de Fazer o Fácil e Estude o Difícil #shorts,ERRO_HTTP_403,2026-06-12T18:08:27.709623+00:00
UeVWO1WfZMU,Remando contra a maré! #concursos,ERRO_HTTP_403,2026-06-12T18:08:28.280278+00:00
7SHuHcWwPEg,Como ESTUDAR Para CONCURSOS Usando TABLET (Aprovado em 3 concursos) - Tab S6 LITE,ERRO_HTTP_403,2026-06-12T18:08:28.857855+00:00
2Omj2Hvj1UI,Concurso Banco do Brasil: Estratégia + Plano de Estudos do zero! (Guia Completo),ERRO_HTTP_403,2026-06-12T18:08:29.436325+00:00
f9dAuRtoJp8,Aprender Requer Desconforto #shorts,ERRO_HTTP_403,2026-06-12T18:08:30.010774+00:00
GMAQ0DWBwNE,Acredite: A chave para a aprovação em concursos #shorts,ERRO_HTTP_403,2026-06-12T18:08:30.594755+00:00
KfAFk5qAFu4,Concurso do Banco do Brasil: Ainda dá tempo?? #concursos,ERRO_HTTP_403,2026-06-12T18:08:31.168236+00:00
ZCUgXMnlAnQ,Concurso Público: Aprovado em 5 Meses é Possível? #shorts,ERRO_HTTP_403,2026-06-12T18:08:31.741556+00:00
u3cEl-tfIpc,Conquiste seu Concurso: A Força do Esforço #shorts,ERRO_HTTP_403,2026-06-12T18:08:32.318750+00:00
yXMuhXnWw4w,De Ruim a Aprovado: Transforme Sua Dificuldade de Estudo #shorts,ERRO_HTTP_403,2026-06-12T18:08:32.899483+00:00
ISwYSPNYoDE,Elimine o ruído e foque no seu estudo! #concursos #estudos,ERRO_HTTP_403,2026-06-12T18:08:33.489839+00:00
6GsNuwi4BOw,Melhor App pra ESTUDAR por PDF - Afirstsoft PDF,ERRO_HTTP_403,2026-06-12T18:08:34.058069+00:00
-1NDN2FIvmo,Qual é o salário do Banco do Brasil com a participação nos lucros? #concursos #estudos,ERRO_HTTP_403,2026-06-12T18:08:34.630265+00:00
05n78Uqjm68,De pouca grana a estabilidade: A jornada após passar no banco #shorts,ERRO_HTTP_403,2026-06-12T18:08:35.200784+00:00
ZdbIhPnrC88,Material de Estudo: Direto ao Ponto para Sua Aprovação! #shorts,ERRO_HTTP_403,2026-06-12T18:08:35.806214+00:00
OEEWdoYDCOM,Quando será publicado o edital do Concurso do Banco do Brasil? 🧐,ERRO_HTTP_403,2026-06-12T18:08:36.381835+00:00
Hy1qzpj_WC4,2 a 3 horas por dia são suficientes para você ser aprovado se tiver estratégia! #concursos #estudos,ERRO_HTTP_403,2026-06-12T18:08:36.955370+00:00
x1J4D_IJ56U,CORREIOS: DOMINE A BANCA PARA VOAR NA PROVA! (Aula Completa) - Banca IBFC,ERRO_HTTP_403,2026-06-12T18:08:37.533670+00:00
-7BSyvtv_Ps,"DOCUMENTOS ENTREGUES NO TJSP PARA A POSSE, MAS...",ERRO_HTTP_403,2026-06-12T18:08:38.103984+00:00
7DK-n6d5MNo,Concurso BANCO DO BRASIL: Essa é a VERDADE SOBRE O SALÁRIO!,ERRO_HTTP_403,2026-06-12T18:08:38.684904+00:00
3Di93kYSHm4,Banco do Brasil: Guia Completo para Iniciantes 2024 #shorts,ERRO_HTTP_403,2026-06-12T18:08:39.261340+00:00
8XQZBAnQM70,Concurso Público: Inicie Seus Estudos AGORA e Garanta Aprovação! #shorts,ERRO_HTTP_403,2026-06-12T18:08:39.838249+00:00
3WZrSQ7ztV8,MPU: CRONOGRAMA DE ESTUDOS COMPLETO + ANÁLISE DO EDITAL,ERRO_HTTP_403,2026-06-12T18:08:40.409236+00:00
GK_xDJSB0do,TJSP Direito: Acertei 38/40 Questões com Esta Técnica #shorts,ERRO_HTTP_403,2026-06-12T18:08:40.981890+00:00
